"date";"policy_type";"channel";"customer_tenure_years";"risk_score";"claims_count";"claim_amount";"premium_monthly";"loss_ratio";"fraud_flag";"retained";"year";"month";"kpi_target";"sigma_assumed";"premium_monthly_million";"claim_amount_million";"business_unit_id";"time_id";"row_id"
2010-01-01;"Motor";"Digital";2,5;53,9691397640311;0;0;835794,750326281;0;"No";"Yes";2010;1;2;1;0,835794750326281;0;"BU_INS";201001;"RID_BU_INS_201001"
2010-02-01;"Property";"Bancassurance";2,7;58,7928981002048;0;4116056,81511072;537065,927050798;7,66396937097333;"No";"No";2010;2;2;1;0,537065927050798;4,11605681511072;"BU_INS";201002;"RID_BU_INS_201002"
2010-03-01;"Life";"Agent";0,9;39,9537190169586;0;237042,422677193;1191700,44727138;0,198911079726408;"No";"Yes";2010;3;2;1;1,19170044727138;0,237042422677193;"BU_INS";201003;"RID_BU_INS_201003"
2010-04-01;"Property";"Corporate";12,3;14,3766641481044;0;2720597,55611528;893115,818138454;3,04618673285386;"No";"Yes";2010;4;2;1;0,893115818138454;2,72059755611528;"BU_INS";201004;"RID_BU_INS_201004"
2010-05-01;"Motor";"Agent";16,3;58,68693942018;0;232962,85309928;1228413,28686074;0,189645338088638;"No";"Yes";2010;5;2;1;1,22841328686074;0,23296285309928;"BU_INS";201005;"RID_BU_INS_201005"
2010-06-01;"Motor";"Corporate";2,3;NA;0;139415,128867474;663259,645621743;0,210196911251529;"No";"Yes";2010;6;2;1;0,663259645621743;0,139415128867474;"BU_INS";201006;"RID_BU_INS_201006"
2010-07-01;"Health";"Agent";1,1;NA;0;53630,0042588223;444747,731996168;0,120585222589251;"No";"Yes";2010;7;2;1;0,444747731996169;0,0536300042588223;"BU_INS";201007;"RID_BU_INS_201007"
2010-08-01;"Health";"Corporate";13;8,12477560092709;0;0;NA;0;"No";"Yes";2010;8;2;1;NA;0;"BU_INS";201008;"RID_BU_INS_201008"
2010-09-01;"Motor";"Digital";1,6;29,4968009890877;0;121850,716340144;NA;0,221062687790572;"No";"Yes";2010;9;2;1;NA;0,121850716340144;"BU_INS";201009;"RID_BU_INS_201009"
2010-10-01;"Life";"Digital";1,2;34,9031651713221;0;31939,0445716642;1213018,66495755;0,0263302169161444;"No";"Yes";2010;10;2;1;1,21301866495755;0,0319390445716642;"BU_INS";201010;"RID_BU_INS_201010"
2010-11-01;"Life";"Agent";13,4;62,4665830490172;0;167500,964643433;1540471,4095432;0,108733575713101;"No";"Yes";2010;11;2;1;1,5404714095432;0,167500964643433;"BU_INS";201011;"RID_BU_INS_201011"
2010-12-01;"Motor";"Agent";1,8;60,0084746371995;0;149627,778932886;574332,762325195;0,260524540385117;"No";"No";2010;12;2;1;0,574332762325195;0,149627778932886;"BU_INS";201012;"RID_BU_INS_201012"
2011-01-01;"Health";"Corporate";4,4;60,7677569232231;0;0;1236362,10922814;0;"No";"No";2011;1;2;1;1,23636210922814;0;"BU_INS";201101;"RID_BU_INS_201101"
2011-02-01;"Motor";"Digital";2;85,8160544455307;1;384213,756629097;498127,470538755;0,771316137641528;"No";"No";2011;2;2;1;0,498127470538755;0,384213756629097;"BU_INS";201102;"RID_BU_INS_201102"
2011-03-01;"Health";"Digital";1,4;57,144473833621;0;208802,19246249;819545,995455636;0,254777881437154;"No";"No";2011;3;2;1;0,819545995455636;0,20880219246249;"BU_INS";201103;"RID_BU_INS_201103"
2011-04-01;"Life";"Agent";2,6;65,5223276728265;0;0;1494530,12373954;0;"No";"No";2011;4;2;1;1,49453012373954;0;"BU_INS";201104;"RID_BU_INS_201104"
2011-05-01;"Motor";"Agent";5;68,649787416189;0;190732,115122783;2020013,26095107;0,0944212193106999;"No";"Yes";2011;5;2;1;2,02001326095107;0,190732115122783;"BU_INS";201105;"RID_BU_INS_201105"
2011-06-01;"Life";"Agent";3,6;37,1804581891335;0;0;1438161,31242601;0;"No";"Yes";2011;6;2;1;1,43816131242601;0;"BU_INS";201106;"RID_BU_INS_201106"
2011-07-01;"Health";"Bancassurance";0,7;63,3125207235255;1;2407481,72297371;597381,463031259;4,03005762977238;"No";"No";2011;7;2;1;0,597381463031259;2,40748172297371;"BU_INS";201107;"RID_BU_INS_201107"
2011-08-01;"Motor";"Digital";0,9;66,2976522540337;0;NA;990267,889525797;0;"No";"Yes";2011;8;2;1;0,990267889525796;NA;"BU_INS";201108;"RID_BU_INS_201108"
2011-09-01;"Health";"Digital";1,8;66,1569783910146;0;63046,0041344335;398037,958140682;0,158391939374161;"No";"Yes";2011;9;2;1;0,398037958140682;0,0630460041344335;"BU_INS";201109;"RID_BU_INS_201109"
2011-10-01;"Motor";"Agent";2,6;32,1308236101829;0;NA;863401,896372499;0;"No";"No";2011;10;2;1;0,863401896372499;NA;"BU_INS";201110;"RID_BU_INS_201110"
2011-11-01;"Health";"Bancassurance";3,6;93,172563540929;0;0;538150,044137415;0;"No";"No";2011;11;2;1;0,538150044137415;0;"BU_INS";201111;"RID_BU_INS_201111"
2011-12-01;"Health";"Agent";7,5;70,0565274799523;0;0;287831,111773886;0;"No";"No";2011;12;2;1;0,287831111773886;0;"BU_INS";201112;"RID_BU_INS_201112"
2012-01-01;"Motor";"Agent";6;49,4511319305245;1;1016486,30964406;1114386,92309432;0,912148454525635;"No";"Yes";2012;1;2;1;1,11438692309432;1,01648630964406;"BU_INS";201201;"RID_BU_INS_201201"
2012-02-01;"Life";"Corporate";5,5;69,0142512122781;0;136039,721129204;2001395,52810748;0,0679724318450152;"No";"Yes";2012;2;2;1;2,00139552810748;0,136039721129204;"BU_INS";201202;"RID_BU_INS_201202"
2012-03-01;"Motor";"Agent";5,3;44,6626943703245;0;285761,273381881;993185,980145454;0,287721815545595;"No";"Yes";2012;3;2;1;0,993185980145454;0,285761273381881;"BU_INS";201203;"RID_BU_INS_201203"
2012-04-01;"Property";"Corporate";2,9;22,4799923633149;0;1971845,31705235;725335,089365299;2,71853016069828;"No";"No";2012;4;2;1;0,725335089365299;1,97184531705235;"BU_INS";201204;"RID_BU_INS_201204"
2012-05-01;"Motor";"Bancassurance";4,2;23,1264388053296;0;0;447356,386186542;0;"No";"Yes";2012;5;2;1;0,447356386186542;0;"BU_INS";201205;"RID_BU_INS_201205"
2012-06-01;"Property";"Agent";2,2;27,3026372309425;0;NA;940782,821163157;5,02435601395231;"No";"No";2012;6;2;1;0,940782821163157;NA;"BU_INS";201206;"RID_BU_INS_201206"
2012-07-01;"Health";"Bancassurance";1,7;NA;0;119260,637951857;526183,165353158;0,226652325282609;"No";"Yes";2012;7;2;1;0,526183165353158;0,119260637951857;"BU_INS";201207;"RID_BU_INS_201207"
2012-08-01;"Motor";"Agent";2,1;100;0;72397,6270067915;211557,39588618;0,34221269695408;"No";"No";2012;8;2;1;0,21155739588618;0,0723976270067915;"BU_INS";201208;"RID_BU_INS_201208"
2012-09-01;"Health";"Agent";5,2;59,231962717958;0;0;936426,969522701;0;"No";"Yes";2012;9;2;1;0,936426969522701;0;"BU_INS";201209;"RID_BU_INS_201209"
2012-10-01;"Motor";"Bancassurance";2,7;34,860691336196;0;317592,705787426;354882,455049678;0,894923660689192;"No";"Yes";2012;10;2;1;0,354882455049678;0,317592705787426;"BU_INS";201210;"RID_BU_INS_201210"
2012-11-01;"Motor";"Agent";1,9;49,0302200634701;0;NA;686445,6410226;0,146705897822681;"No";"Yes";2012;11;2;1;0,6864456410226;NA;"BU_INS";201211;"RID_BU_INS_201211"
2012-12-01;"Life";"Corporate";3,3;58,1141639958057;0;0;1234118,15430766;0;"No";"Yes";2012;12;2;1;1,23411815430766;0;"BU_INS";201212;"RID_BU_INS_201212"
2013-01-01;"Motor";"Agent";1,4;80,6933834531567;0;0;536503,742483663;0;"No";"Yes";2013;1;2;1;0,536503742483663;0;"BU_INS";201301;"RID_BU_INS_201301"
2013-02-01;"Motor";"Agent";6,9;80,5269793622273;0;5377,72075163903;347282,20172746;0,0154851608429371;"No";"Yes";2013;2;2;1;0,34728220172746;0,00537772075163903;"BU_INS";201302;"RID_BU_INS_201302"
2013-03-01;"Property";"Digital";23,6;16,8519622368943;0;950404,362101413;850218,583431533;1,11783531978979;"No";"Yes";2013;3;2;1;0,850218583431533;0,950404362101413;"BU_INS";201303;"RID_BU_INS_201303"
2013-04-01;"Motor";"Bancassurance";1,9;36,6460133502485;0;0;532994,420646544;0;"No";"No";2013;4;2;1;0,532994420646544;0;"BU_INS";201304;"RID_BU_INS_201304"
2013-05-01;"Health";"Corporate";2,7;33,6144658762343;0;0;548998,149052823;0;"No";"Yes";2013;5;2;1;0,548998149052823;0;"BU_INS";201305;"RID_BU_INS_201305"
2013-06-01;"Health";"Agent";2,1;41,5120624429204;0;269199,543918555;451441,255347961;0,596311348884278;"No";"No";2013;6;2;1;0,451441255347961;0,269199543918555;"BU_INS";201306;"RID_BU_INS_201306"
2013-07-01;"Motor";"Corporate";7,8;13,0148427689341;0;0;605547,283110638;0;"No";"Yes";2013;7;2;1;0,605547283110639;0;"BU_INS";201307;"RID_BU_INS_201307"
2013-08-01;"Health";"Corporate";3,4;47,1055632700439;1;381247,368913082;1765746,35952367;0,215912872682307;"No";"Yes";2013;8;2;1;1,76574635952367;0,381247368913082;"BU_INS";201308;"RID_BU_INS_201308"
2013-09-01;"Motor";"Digital";0,8;51,1915286949901;0;0;1423437,65438248;0;"No";"No";2013;9;2;1;1,42343765438248;0;"BU_INS";201309;"RID_BU_INS_201309"
2013-10-01;"Motor";"Agent";5,1;63,0564218184465;1;2383921,54924097;NA;3,68453311839724;"No";"No";2013;10;2;1;NA;2,38392154924097;"BU_INS";201310;"RID_BU_INS_201310"
2013-11-01;"Life";"Corporate";2,5;32,1723936646052;0;92201,4458089175;1353872,69140152;0,0681020057458069;"No";"Yes";2013;11;2;1;1,35387269140152;0,0922014458089175;"BU_INS";201311;"RID_BU_INS_201311"
2013-12-01;"Health";"Agent";2,2;46,8373051504083;0;198850,932661932;725846,242731809;0,273957376859226;"No";"No";2013;12;2;1;0,725846242731809;0,198850932661932;"BU_INS";201312;"RID_BU_INS_201312"
2014-01-01;"Property";"Agent";2,7;49,8043471768826;0;2663512,27045421;1184362,17853764;2,24890014112314;"No";"No";2014;1;2;1;1,18436217853764;2,66351227045421;"BU_INS";201401;"RID_BU_INS_201401"
2014-02-01;"Property";"Bancassurance";1,4;27,5269687314325;0;1231424,8924996;1204160,85956537;1,02264152062215;"No";"Yes";2014;2;2;1;1,20416085956537;1,2314248924996;"BU_INS";201402;"RID_BU_INS_201402"
2014-03-01;"Health";"Digital";3,2;35,2116326225614;0;0;690173,753700601;0;"No";"No";2014;3;2;1;0,690173753700601;0;"BU_INS";201403;"RID_BU_INS_201403"
2014-04-01;"Life";"Agent";3,6;40,2409762731625;0;NA;720257,172546688;0,126807121484034;"No";"Yes";2014;4;2;1;0,720257172546688;NA;"BU_INS";201404;"RID_BU_INS_201404"
2014-05-01;"Health";"Digital";3,8;60,2070996782246;1;1078670,46152508;1058559,78065465;1,01899815318696;"No";"Yes";2014;5;2;1;1,05855978065465;1,07867046152508;"BU_INS";201405;"RID_BU_INS_201405"
2014-06-01;"Property";"Agent";5,3;57,5417360630365;0;3389588,97167064;742570,81886434;4,56466761898152;"No";"No";2014;6;2;1;0,74257081886434;3,38958897167064;"BU_INS";201406;"RID_BU_INS_201406"
2014-07-01;"Motor";"Agent";4,4;66,6472298668127;0;190233,430763202;644678,683146737;0,295082551566083;"No";"Yes";2014;7;2;1;0,644678683146737;0,190233430763202;"BU_INS";201407;"RID_BU_INS_201407"
2014-08-01;"Health";"Agent";3,9;89,4169744795307;0;607531,486796039;733861,381113275;0,827855917250213;"No";"No";2014;8;2;1;0,733861381113275;0,607531486796039;"BU_INS";201408;"RID_BU_INS_201408"
2014-09-01;"Life";"Agent";2,9;51,0363651121479;0;55381,3367987187;1227906,9363123;0,045102226529514;"No";"Yes";2014;9;2;1;1,2279069363123;0,0553813367987187;"BU_INS";201409;"RID_BU_INS_201409"
2014-10-01;"Property";"Bancassurance";0,8;41,4362389869288;0;4108740,05621405;523568,537932685;7,84756867255136;"No";"No";2014;10;2;1;0,523568537932685;4,10874005621405;"BU_INS";201410;"RID_BU_INS_201410"
2014-11-01;"Motor";"Bancassurance";1,2;37,0523865703346;0;0;453551,081912029;0;"No";"No";2014;11;2;1;0,453551081912029;0;"BU_INS";201411;"RID_BU_INS_201411"
2014-12-01;"Motor";"Agent";5;24,2805143604576;0;77545,1592721617;357418,528851587;0,216958979494768;"No";"Yes";2014;12;2;1;0,357418528851587;0,0775451592721617;"BU_INS";201412;"RID_BU_INS_201412"
2015-01-01;"Property";"Agent";5,1;59,6101769442259;0;1772930,57097769;1270818,62432195;1,3951090557267;"No";"No";2015;1;2;1;1,27081862432195;1,77293057097769;"BU_INS";201501;"RID_BU_INS_201501"
2015-02-01;"Life";"Bancassurance";3,9;NA;0;0;1188761,38046603;0;"No";"Yes";2015;2;2;1;1,18876138046603;0;"BU_INS";201502;"RID_BU_INS_201502"
2015-03-01;"Motor";"Agent";2,5;68,0845788644901;0;0;337310,021222638;0;"No";"No";2015;3;2;1;0,337310021222638;0;"BU_INS";201503;"RID_BU_INS_201503"
2015-04-01;"Health";"Digital";4,6;74,8789222700025;0;161176,511687173;1156887,65824113;0,139319069175841;"No";"No";2015;4;2;1;1,15688765824113;0,161176511687173;"BU_INS";201504;"RID_BU_INS_201504"
2015-05-01;"Health";"Agent";3,7;77,2571910434337;0;316322,179921511;323384,296009936;0,978161845904205;"No";"No";2015;5;2;1;0,323384296009936;0,316322179921511;"BU_INS";201505;"RID_BU_INS_201505"
2015-06-01;"Motor";"Agent";1,6;NA;0;213189,676634272;971562,63221907;0,219429679121502;"No";"Yes";2015;6;2;1;0,97156263221907;0,213189676634272;"BU_INS";201506;"RID_BU_INS_201506"
2015-07-01;"Motor";"Agent";4,5;26,6966903661103;1;860284,846012158;183948,172504095;4,67677843330033;"No";"No";2015;7;2;1;0,183948172504095;0,860284846012158;"BU_INS";201507;"RID_BU_INS_201507"
2015-08-01;"Motor";"Bancassurance";2,6;60,468013676594;0;310027,681357483;820914,779976656;0,377661224915817;"No";"Yes";2015;8;2;1;0,820914779976656;0,310027681357483;"BU_INS";201508;"RID_BU_INS_201508"
2015-09-01;"Health";"Agent";8,8;54,9461609993925;0;0;509399,73656343;0;"No";"Yes";2015;9;2;1;0,50939973656343;0;"BU_INS";201509;"RID_BU_INS_201509"
2015-10-01;"Property";"Bancassurance";4,3;40,3251219198207;0;NA;474626,072297951;1,05315017863263;"No";"Yes";2015;10;2;1;0,474626072297951;NA;"BU_INS";201510;"RID_BU_INS_201510"
2015-11-01;"Motor";"Agent";2,9;50,9149996996035;0;137514,197330514;1610408,31730561;0,0853908886664162;"No";"Yes";2015;11;2;1;1,61040831730561;0,137514197330514;"BU_INS";201511;"RID_BU_INS_201511"
2015-12-01;"Life";"Agent";9,1;54,8416260454894;1;3258661,84097776;731155,903389224;4,45686320232451;"No";"Yes";2015;12;2;1;0,731155903389224;3,25866184097776;"BU_INS";201512;"RID_BU_INS_201512"
2016-01-01;"Life";"Agent";8,4;49,166854504235;0;0;1834732,19082463;0;"No";"No";2016;1;2;1;1,83473219082463;0;"BU_INS";201601;"RID_BU_INS_201601"
2016-02-01;"Motor";"Bancassurance";2,2;48,2241542792454;0;5632,79003109213;808311,205723911;0,00696859079919286;"No";"Yes";2016;2;2;1;0,808311205723911;0,00563279003109213;"BU_INS";201602;"RID_BU_INS_201602"
2016-03-01;"Health";"Corporate";1,4;36,2703289555701;0;0;1281948,90094264;0;"No";"No";2016;3;2;1;1,28194890094264;0;"BU_INS";201603;"RID_BU_INS_201603"
2016-04-01;"Motor";"Bancassurance";1,3;55,8275853430363;0;0;488235,841567288;0;"No";"Yes";2016;4;2;1;0,488235841567287;0;"BU_INS";201604;"RID_BU_INS_201604"
2016-05-01;"Health";"Agent";4,7;58,1066154090934;0;235107,621610852;488714,866349286;0,48107319379726;"No";"Yes";2016;5;2;1;0,488714866349286;0,235107621610852;"BU_INS";201605;"RID_BU_INS_201605"
2016-06-01;"Health";"Bancassurance";6,1;15,9065920577312;0;0;382723,870149954;0;"No";"Yes";2016;6;2;1;0,382723870149954;0;"BU_INS";201606;"RID_BU_INS_201606"
2016-07-01;"Motor";"Corporate";6,4;45,5315171661066;0;0;1201655,73780586;0;"No";"Yes";2016;7;2;1;1,20165573780586;0;"BU_INS";201607;"RID_BU_INS_201607"
2016-08-01;"Health";"Agent";3,7;46,2451134934937;1;945833,962604801;1273035,11232298;0,742975549887926;"No";"Yes";2016;8;2;1;1,27303511232298;0,945833962604801;"BU_INS";201608;"RID_BU_INS_201608"
2016-09-01;"Property";"Bancassurance";9,3;67,4441908647607;0;1390820,6525582;803039,546057675;1,73194540590945;"No";"No";2016;9;2;1;0,803039546057675;1,3908206525582;"BU_INS";201609;"RID_BU_INS_201609"
2016-10-01;"Health";"Corporate";3,5;60,286482629375;1;1683247,09826657;1397227,21800032;1,2047053454023;"No";"Yes";2016;10;2;1;1,39722721800032;1,68324709826657;"BU_INS";201610;"RID_BU_INS_201610"
2016-11-01;"Property";"Bancassurance";4,2;40,5447767592858;0;1652739,57440592;703023,02655033;2,35090389928729;"No";"Yes";2016;11;2;1;0,70302302655033;1,65273957440592;"BU_INS";201611;"RID_BU_INS_201611"
2016-12-01;"Motor";"Agent";2,2;77,1154772945807;0;0;841288,765884765;0;"No";"Yes";2016;12;2;1;0,841288765884765;0;"BU_INS";201612;"RID_BU_INS_201612"
2017-01-01;"Property";"Digital";11,4;65,8960423069772;0;8785195,25536962;669092,744411139;13,1300112409698;"No";"No";2017;1;2;1;0,669092744411139;8,78519525536962;"BU_INS";201701;"RID_BU_INS_201701"
2017-02-01;"Motor";"Bancassurance";1,9;65,3169549039319;0;35417,8517708007;NA;0,0197932502051742;"No";"Yes";2017;2;2;1;NA;0,0354178517708007;"BU_INS";201702;"RID_BU_INS_201702"
2017-03-01;"Property";"Agent";2,8;87,4721407003369;0;1599825,93373574;1073084,07548098;1,4908672771224;"No";"No";2017;3;2;1;1,07308407548098;1,59982593373574;"BU_INS";201703;"RID_BU_INS_201703"
2017-04-01;"Motor";"Digital";2,1;42,3350691289547;0;280927,998179609;403041,216934807;0,697020518933797;"No";"Yes";2017;4;2;1;0,403041216934807;0,280927998179609;"BU_INS";201704;"RID_BU_INS_201704"
2017-05-01;"Health";"Agent";2,6;30,7176656159745;0;0;666373,909637355;0;"No";"No";2017;5;2;1;0,666373909637355;0;"BU_INS";201705;"RID_BU_INS_201705"
2017-06-01;"Motor";"Digital";4,3;58,0735714454457;0;534824,358454663;156863,301369797;3,40949319429305;"No";"Yes";2017;6;2;1;0,156863301369797;0,534824358454663;"BU_INS";201706;"RID_BU_INS_201706"
2017-07-01;"Health";"Agent";2,1;24,2815576477183;0;374473,444919102;330033,402144347;1,13465316687951;"No";"Yes";2017;7;2;1;0,330033402144348;0,374473444919102;"BU_INS";201707;"RID_BU_INS_201707"
2017-08-01;"Health";"Agent";2;46,204667699311;0;0;1610989,12799499;0;"No";"No";2017;8;2;1;1,61098912799499;0;"BU_INS";201708;"RID_BU_INS_201708"
2017-09-01;"Motor";"Bancassurance";3,6;81,1093492773418;0;219187,621102017;329317,697956531;0,665581055807543;"No";"No";2017;9;2;1;0,329317697956531;0,219187621102017;"BU_INS";201709;"RID_BU_INS_201709"
2017-10-01;"Life";"Digital";5,6;79,3444002358753;0;4839,39373013725;1131178,3228492;0,00427818817986879;"No";"No";2017;10;2;1;1,1311783228492;0,00483939373013725;"BU_INS";201710;"RID_BU_INS_201710"
2017-11-01;"Health";"Digital";2,5;69,982279330362;0;0;457970,053785759;0;"No";"No";2017;11;2;1;0,457970053785759;0;"BU_INS";201711;"RID_BU_INS_201711"
2017-12-01;"Motor";"Agent";3,1;59,582638350468;0;0;533942,529459475;0;"No";"Yes";2017;12;2;1;0,533942529459475;0;"BU_INS";201712;"RID_BU_INS_201712"
2018-01-01;"Motor";"Agent";3,4;41,7576987163693;0;0;1626418,75537601;0;"No";"No";2018;1;2;1;1,62641875537601;0;"BU_INS";201801;"RID_BU_INS_201801"
2018-02-01;"Property";"Corporate";3,2;24,8234244236696;0;2592776,95702055;1018004,43791473;2,54692107465814;"No";"Yes";2018;2;2;1;1,01800443791473;2,59277695702055;"BU_INS";201802;"RID_BU_INS_201802"
2018-03-01;"Motor";"Digital";1;30,2444202460286;0;0;328736,573827406;0;"No";"Yes";2018;3;2;1;0,328736573827406;0;"BU_INS";201803;"RID_BU_INS_201803"
2018-04-01;"Health";"Corporate";11,1;80,8473178812754;0;0;NA;0;"No";"No";2018;4;2;1;NA;0;"BU_INS";201804;"RID_BU_INS_201804"
2018-05-01;"Motor";"Corporate";6,7;51,5798626668254;0;0;597216,31616781;0;"No";"Yes";2018;5;2;1;0,59721631616781;0;"BU_INS";201805;"RID_BU_INS_201805"
2018-06-01;"Property";"Corporate";2,7;NA;0;3930108,42916256;1222011,30225997;3,21609826512593;"No";"Yes";2018;6;2;1;1,22201130225997;3,93010842916256;"BU_INS";201806;"RID_BU_INS_201806"
2018-07-01;"Property";"Agent";2,7;49,1394620503091;0;2489810,47049965;913177,077753616;2,72653632154729;"No";"No";2018;7;2;1;0,913177077753616;2,48981047049965;"BU_INS";201807;"RID_BU_INS_201807"
2018-08-01;"Motor";"Bancassurance";4,2;57,0450578796377;0;NA;197946,383339093;0,0386027034410252;"No";"Yes";2018;8;2;1;0,197946383339093;NA;"BU_INS";201808;"RID_BU_INS_201808"
2018-09-01;"Property";"Agent";0,8;46,1225995258831;1;2005827,46995821;761137,466950208;2,63530250060522;"No";"Yes";2018;9;2;1;0,761137466950208;2,00582746995821;"BU_INS";201809;"RID_BU_INS_201809"
2018-10-01;"Life";"Agent";2,9;39,1823595187913;0;15318,8465306835;2023589,86769892;0,00757013403516542;"No";"Yes";2018;10;2;1;2,02358986769892;0,0153188465306835;"BU_INS";201810;"RID_BU_INS_201810"
2018-11-01;"Health";"Digital";4,1;36,2064728216174;0;135635,35607732;910454,003394804;0,148975517238188;"No";"Yes";2018;11;2;1;0,910454003394804;0,13563535607732;"BU_INS";201811;"RID_BU_INS_201811"
2018-12-01;"Motor";"Agent";4,6;22,7877562346867;0;176796,673547043;414401,654500376;0,426631196152435;"No";"Yes";2018;12;2;1;0,414401654500376;0,176796673547043;"BU_INS";201812;"RID_BU_INS_201812"
2019-01-01;"Life";"Bancassurance";4,1;72,393961692966;0;0;1085979,8907277;0;"No";"Yes";2019;1;2;1;1,0859798907277;0;"BU_INS";201901;"RID_BU_INS_201901"
2019-02-01;"Life";"Bancassurance";5,4;62,0828788757922;0;98852,9432591438;778306,871269888;0,127010240957856;"No";"Yes";2019;2;2;1;0,778306871269889;0,0988529432591438;"BU_INS";201902;"RID_BU_INS_201902"
2019-03-01;"Motor";"Digital";2,5;42,7857570244676;0;0;499645,189252999;0;"No";"No";2019;3;2;1;0,499645189252999;0;"BU_INS";201903;"RID_BU_INS_201903"
2019-04-01;"Property";"Agent";2,3;43,185418328945;0;2524793,01496096;599040,841687898;4,21472600740699;"No";"Yes";2019;4;2;1;0,599040841687898;2,52479301496096;"BU_INS";201904;"RID_BU_INS_201904"
2019-05-01;"Motor";"Agent";2,7;64,1549335517799;0;0;3278448,37061757;0;"No";"Yes";2019;5;2;1;3,27844837061757;0;"BU_INS";201905;"RID_BU_INS_201905"
2019-06-01;"Motor";"Digital";4,9;89,4348937935255;0;23483,2464390019;331055,209737906;0,0709345322116917;"No";"No";2019;6;2;1;0,331055209737906;0,0234832464390019;"BU_INS";201906;"RID_BU_INS_201906"
2019-07-01;"Motor";"Agent";7,5;70,6012316574802;0;0;924576,822983831;0;"No";"Yes";2019;7;2;1;0,924576822983831;0;"BU_INS";201907;"RID_BU_INS_201907"
2019-08-01;"Motor";"Corporate";4;26,6755985700477;0;129371,191120978;541611,641354673;0,238863387052383;"No";"No";2019;8;2;1;0,541611641354673;0,129371191120978;"BU_INS";201908;"RID_BU_INS_201908"
2019-09-01;"Health";"Agent";0,7;75,9480735055181;1;1694008,25084783;546568,166087558;3,09935403478375;"No";"No";2019;9;2;1;0,546568166087558;1,69400825084783;"BU_INS";201909;"RID_BU_INS_201909"
2019-10-01;"Motor";"Bancassurance";4,1;66,1329049189148;1;344231,776011812;311824,189868004;1,10392903179682;"No";"No";2019;10;2;1;0,311824189868004;0,344231776011812;"BU_INS";201910;"RID_BU_INS_201910"
2019-11-01;"Motor";"Digital";5,2;54,4930906663376;0;0;373545,757411343;0;"No";"Yes";2019;11;2;1;0,373545757411343;0;"BU_INS";201911;"RID_BU_INS_201911"
2019-12-01;"Motor";"Digital";3,4;52,7099792871757;0;216987,21738641;528998,618082265;0,410184847312145;"No";"No";2019;12;2;1;0,528998618082265;0,21698721738641;"BU_INS";201912;"RID_BU_INS_201912"
2020-01-01;"Life";"Corporate";9,2;48,3188138830425;0;290296,867295666;1505354,86410395;0,192842813490666;"No";"Yes";2020;1;2;1;1,50535486410395;0,290296867295666;"BU_INS";202001;"RID_BU_INS_202001"
2020-02-01;"Motor";"Bancassurance";1,3;49,7439788178572;0;0;1690449,16492899;0;"No";"Yes";2020;2;2;1;1,69044916492899;0;"BU_INS";202002;"RID_BU_INS_202002"
2020-03-01;"Health";"Corporate";1,8;46,8168459918055;0;361573,66327044;526527,896138984;0,686713212959561;"No";"Yes";2020;3;2;1;0,526527896138984;0,36157366327044;"BU_INS";202003;"RID_BU_INS_202003"
2020-04-01;"Motor";"Agent";3,4;47,5599672911692;1;941547,060941543;374652,582440084;2,51312043496222;"No";"No";2020;4;2;1;0,374652582440084;0,941547060941543;"BU_INS";202004;"RID_BU_INS_202004"
2020-05-01;"Motor";"Bancassurance";5,5;83,6027978382906;1;3304959,56979369;635312,404456475;5,20210143326441;"No";"No";2020;5;2;1;0,635312404456475;3,30495956979369;"BU_INS";202005;"RID_BU_INS_202005"
2020-06-01;"Health";"Agent";6,7;73,0898518873462;0;285276,917059245;758276,313389153;0,376217629407658;"No";"No";2020;6;2;1;0,758276313389153;0,285276917059245;"BU_INS";202006;"RID_BU_INS_202006"
2020-07-01;"Life";"Agent";2,1;58,1321885974275;0;0;1034563,26892623;0;"No";"Yes";2020;7;2;1;1,03456326892623;0;"BU_INS";202007;"RID_BU_INS_202007"
2020-08-01;"Motor";"Agent";5,4;57,0791819968224;0;191999,538260888;1782912,74675877;0,107688690099912;"No";"No";2020;8;2;1;1,78291274675877;0,191999538260888;"BU_INS";202008;"RID_BU_INS_202008"
2020-09-01;"Motor";"Corporate";1,8;73,9812616320629;0;0;736466,172604668;0;"No";"Yes";2020;9;2;1;0,736466172604668;0;"BU_INS";202009;"RID_BU_INS_202009"
2020-10-01;"Motor";"Digital";1,8;48,7153361905756;0;139078,71572509;235332,703135725;0,590987626759543;"No";"Yes";2020;10;2;1;0,235332703135725;0,13907871572509;"BU_INS";202010;"RID_BU_INS_202010"
2020-11-01;"Health";"Bancassurance";1,7;52,6398817170047;0;0;280888,161066782;0;"No";"Yes";2020;11;2;1;0,280888161066782;0;"BU_INS";202011;"RID_BU_INS_202011"
2020-12-01;"Property";"Agent";6;66,5872981781419;1;6928462,44172302;798751,42580331;8,67411589876665;"No";"No";2020;12;2;1;0,79875142580331;6,92846244172302;"BU_INS";202012;"RID_BU_INS_202012"
2021-01-01;"Motor";"Bancassurance";1,2;51,2194101916189;0;149484,376795782;368509,891919341;0,405645493034692;"No";"No";2021;1;2;1;0,368509891919341;0,149484376795782;"BU_INS";202101;"RID_BU_INS_202101"
2021-02-01;"Motor";"Corporate";7,5;56,8782042156829;0;0;869816,249144443;0;"No";"Yes";2021;2;2;1;0,869816249144443;0;"BU_INS";202102;"RID_BU_INS_202102"
2021-03-01;"Life";"Agent";4,5;30,3169985482406;0;0;847587,753940655;0;"No";"Yes";2021;3;2;1;0,847587753940655;0;"BU_INS";202103;"RID_BU_INS_202103"
2021-04-01;"Motor";"Bancassurance";2,3;62,1015675818264;0;122102,964808498;NA;0,0929045878520805;"No";"Yes";2021;4;2;1;NA;0,122102964808498;"BU_INS";202104;"RID_BU_INS_202104"
2021-05-01;"Motor";"Agent";1,8;43,3441991758636;0;0;565301,354665896;0;"No";"No";2021;5;2;1;0,565301354665896;0;"BU_INS";202105;"RID_BU_INS_202105"
2021-06-01;"Health";"Bancassurance";2,5;61,839748979281;0;0;661861,862079367;0;"No";"No";2021;6;2;1;0,661861862079367;0;"BU_INS";202106;"RID_BU_INS_202106"
2021-07-01;"Health";"Corporate";4,5;70,5044687111493;0;0;752200,902031904;0;"No";"Yes";2021;7;2;1;0,752200902031904;0;"BU_INS";202107;"RID_BU_INS_202107"
2021-08-01;"Health";"Agent";1,6;43,906310504221;0;186616,795297067;1824146,86722176;0,10230360211143;"No";"Yes";2021;8;2;1;1,82414686722176;0,186616795297067;"BU_INS";202108;"RID_BU_INS_202108"
2021-09-01;"Health";"Digital";2,2;65,0442236864744;1;2152665,82356356;319770,893286179;6,73190045986155;"No";"No";2021;9;2;1;0,319770893286179;2,15266582356356;"BU_INS";202109;"RID_BU_INS_202109"
2021-10-01;"Health";"Agent";1,2;59,6966741586587;0;0;488859,58468838;0;"No";"Yes";2021;10;2;1;0,48885958468838;0;"BU_INS";202110;"RID_BU_INS_202110"
2021-11-01;"Health";"Digital";3,5;47,4823404108077;0;64231,3376701732;1251819,17490465;0,0513103960682384;"No";"Yes";2021;11;2;1;1,25181917490465;0,0642313376701732;"BU_INS";202111;"RID_BU_INS_202111"
2021-12-01;"Motor";"Digital";3,3;92,5251693517641;0;0;1307853,1681418;0;"No";"No";2021;12;2;1;1,3078531681418;0;"BU_INS";202112;"RID_BU_INS_202112"
2022-01-01;"Property";"Agent";2,8;47,4503155669543;0;2759823,68627919;745657,837053924;3,70119316010033;"No";"Yes";2022;1;2;1;0,745657837053924;2,75982368627919;"BU_INS";202201;"RID_BU_INS_202201"
2022-02-01;"Motor";"Digital";1,8;29,5910061761926;0;5195,97196347333;985255,55174269;0,005273730205613;"No";"Yes";2022;2;2;1;0,98525555174269;0,00519597196347333;"BU_INS";202202;"RID_BU_INS_202202"
2022-03-01;"Motor";"Bancassurance";4,1;41,6954326942166;0;0;483295,355410615;0;"No";"Yes";2022;3;2;1;0,483295355410615;0;"BU_INS";202203;"RID_BU_INS_202203"
2022-04-01;"Health";"Bancassurance";5,5;67,157881826184;0;174237,224002601;602634,752960733;0,289125748468001;"No";"Yes";2022;4;2;1;0,602634752960733;0,174237224002601;"BU_INS";202204;"RID_BU_INS_202204"
2022-05-01;"Life";"Digital";6,9;32,6459634728015;0;235603,589757097;1336687,7937209;0,176259251310475;"No";"Yes";2022;5;2;1;1,3366877937209;0,235603589757097;"BU_INS";202205;"RID_BU_INS_202205"
2022-06-01;"Motor";"Digital";2,7;42,6417367241484;0;38680,1114773877;469823,602051154;0,0823290088205833;"No";"Yes";2022;6;2;1;0,469823602051154;0,0386801114773877;"BU_INS";202206;"RID_BU_INS_202206"
2022-07-01;"Health";"Agent";2;78,5470359472198;0;149170,298536133;399525,01065349;0,37336911221688;"No";"Yes";2022;7;2;1;0,39952501065349;0,149170298536133;"BU_INS";202207;"RID_BU_INS_202207"
2022-08-01;"Motor";"Corporate";2,2;51,9559501971884;0;0;959458,852552006;0;"No";"Yes";2022;8;2;1;0,959458852552006;0;"BU_INS";202208;"RID_BU_INS_202208"
2022-09-01;"Property";"Agent";2,3;38,8867656208653;0;1802171,89832383;878286,22246583;2,05191867095916;"No";"Yes";2022;9;2;1;0,87828622246583;1,80217189832383;"BU_INS";202209;"RID_BU_INS_202209"
2022-10-01;"Health";"Agent";6,6;44,8664781594009;0;0;553334,617156814;0;"No";"Yes";2022;10;2;1;0,553334617156814;0;"BU_INS";202210;"RID_BU_INS_202210"
2022-11-01;"Health";"Agent";2,2;5,1455165566824;0;129597,336961883;548016,064870574;0,2364845581534;"No";"Yes";2022;11;2;1;0,548016064870574;0,129597336961883;"BU_INS";202211;"RID_BU_INS_202211"
2022-12-01;"Life";"Digital";3,8;58,14147416509;0;81825,5950134391;703187,74381333;0,116363795776226;"No";"No";2022;12;2;1;0,70318774381333;0,0818255950134391;"BU_INS";202212;"RID_BU_INS_202212"
2023-01-01;"Health";"Digital";3,6;78,2308181017112;0;0;554426,517253352;0;"No";"Yes";2023;1;2;1;0,554426517253352;0;"BU_INS";202301;"RID_BU_INS_202301"
2023-02-01;"Property";"Bancassurance";3,6;55,6517227292685;1;2451519,82567248;1158623,92728338;2,11588917503245;"No";"No";2023;2;2;1;1,15862392728338;2,45151982567248;"BU_INS";202302;"RID_BU_INS_202302"
2023-03-01;"Life";"Corporate";2,9;29,1727380984842;0;0;1443608,5064736;0;"No";"Yes";2023;3;2;1;1,4436085064736;0;"BU_INS";202303;"RID_BU_INS_202303"
2023-04-01;"Motor";"Agent";4;83,0247806293079;1;2534625,92226892;1181675,80943652;2,14494187155913;"No";"No";2023;4;2;1;1,18167580943652;2,53462592226892;"BU_INS";202304;"RID_BU_INS_202304"
2023-05-01;"Life";"Corporate";3,6;68,3955205277479;1;1018970,35316758;1509638,14531608;0,674976554036557;"No";"No";2023;5;2;1;1,50963814531608;1,01897035316758;"BU_INS";202305;"RID_BU_INS_202305"
2023-06-01;"Motor";"Bancassurance";5,6;62,5422383504535;1;781419,958024713;754512,900228513;1,0356614947048;"No";"No";2023;6;2;1;0,754512900228513;0,781419958024713;"BU_INS";202306;"RID_BU_INS_202306"
2023-07-01;"Motor";"Digital";4,5;72,3780399457401;0;397243,095423415;676668,356041111;0,587057296054909;"No";"No";2023;7;2;1;0,676668356041111;0,397243095423415;"BU_INS";202307;"RID_BU_INS_202307"
2023-08-01;"Motor";"Agent";3,7;NA;0;0;477767,317513513;0;"No";"No";2023;8;2;1;0,477767317513513;0;"BU_INS";202308;"RID_BU_INS_202308"
2023-09-01;"Motor";"Agent";2,2;50,2846826638313;2;4005759,01303773;594165,788952628;6,7418203597668;"No";"No";2023;9;2;1;0,594165788952628;4,00575901303773;"BU_INS";202309;"RID_BU_INS_202309"
2023-10-01;"Health";"Agent";4,9;47,0090546397215;0;0;680987,123244041;0;"No";"No";2023;10;2;1;0,680987123244041;0;"BU_INS";202310;"RID_BU_INS_202310"
2023-11-01;"Life";"Agent";5,1;28,9060431806478;0;0;1077125,18322433;0;"No";"No";2023;11;2;1;1,07712518322433;0;"BU_INS";202311;"RID_BU_INS_202311"
2023-12-01;"Health";"Corporate";7,2;18,6765011842158;1;1765877,75378538;1183261,19495626;1,49238203814388;"No";"Yes";2023;12;2;1;1,18326119495626;1,76587775378538;"BU_INS";202312;"RID_BU_INS_202312"
2024-01-01;"Motor";"Bancassurance";3,5;79,8346872774509;0;0;948491,423508724;0;"No";"Yes";2024;1;2;1;0,948491423508724;0;"BU_INS";202401;"RID_BU_INS_202401"
2024-02-01;"Motor";"Corporate";2,7;38,9538818169294;0;NA;1448962,47257714;0,11934762307554;"No";"Yes";2024;2;2;1;1,44896247257714;NA;"BU_INS";202402;"RID_BU_INS_202402"
2024-03-01;"Health";"Agent";1,9;37,942136108575;0;0;152121,860475286;0;"No";"Yes";2024;3;2;1;0,152121860475286;0;"BU_INS";202403;"RID_BU_INS_202403"
2024-04-01;"Health";"Agent";2,7;38,7160796886909;0;0;479947,604523017;0;"No";"Yes";2024;4;2;1;0,479947604523017;0;"BU_INS";202404;"RID_BU_INS_202404"
2024-05-01;"Life";"Agent";4,8;57,5758085995973;0;0;668055,926952002;0;"No";"Yes";2024;5;2;1;0,668055926952002;0;"BU_INS";202405;"RID_BU_INS_202405"
2024-06-01;"Property";"Corporate";4;17,4259428792592;0;1553888,59369113;1358821,67880596;1,14355593373855;"No";"Yes";2024;6;2;1;1,35882167880596;1,55388859369113;"BU_INS";202406;"RID_BU_INS_202406"
2024-07-01;"Health";"Agent";1;84,588980923497;0;0;NA;0;"No";"Yes";2024;7;2;1;NA;0;"BU_INS";202407;"RID_BU_INS_202407"
2024-08-01;"Motor";"Corporate";2,3;67,7273709349693;0;669660,897817575;1283865,43103561;0,521597421061026;"No";"No";2024;8;2;1;1,28386543103561;0,669660897817575;"BU_INS";202408;"RID_BU_INS_202408"
2024-09-01;"Property";"Digital";7,9;61,01157138249;0;1139152,41197099;468420,701619777;2,43190022992548;"No";"No";2024;9;2;1;0,468420701619778;1,13915241197099;"BU_INS";202409;"RID_BU_INS_202409"
2024-10-01;"Motor";"Agent";3,6;71,6954292145686;0;148507,849799222;734705,745949625;0,202132419159553;"No";"No";2024;10;2;1;0,734705745949625;0,148507849799222;"BU_INS";202410;"RID_BU_INS_202410"
2024-11-01;"Motor";"Digital";3,2;49,2854207280915;0;NA;448632,659936393;0,778033712076783;"No";"Yes";2024;11;2;1;0,448632659936393;NA;"BU_INS";202411;"RID_BU_INS_202411"
2024-12-01;"Property";"Corporate";2,3;100;0;1487993,83478584;1157969,60760538;1,28500249489529;"No";"No";2024;12;2;1;1,15796960760538;1,48799383478584;"BU_INS";202412;"RID_BU_INS_202412"
2025-01-01;"Health";"Bancassurance";1,4;45,8221070805627;0;251733,207497358;609097,345544363;0,41328895838871;"No";"No";2025;1;2;1;0,609097345544363;0,251733207497358;"BU_INS";202501;"RID_BU_INS_202501"
2025-02-01;"Health";"Digital";2;43,172752596758;0;224409,874267314;452809,442618063;0,495594510948836;"No";"Yes";2025;2;2;1;0,452809442618063;0,224409874267314;"BU_INS";202502;"RID_BU_INS_202502"
2025-03-01;"Motor";"Digital";1,8;91,1191313757252;0;0;802016,907451842;0;"No";"Yes";2025;3;2;1;0,802016907451842;0;"BU_INS";202503;"RID_BU_INS_202503"
2025-04-01;"Health";"Digital";2,1;15,2232896517195;0;0;738573,624473019;0;"No";"No";2025;4;2;1;0,738573624473019;0;"BU_INS";202504;"RID_BU_INS_202504"
2025-05-01;"Property";"Bancassurance";6;58,7121840704104;0;2575793,1743741;1158437,95403679;2,22350551050081;"No";"Yes";2025;5;2;1;1,15843795403679;2,5757931743741;"BU_INS";202505;"RID_BU_INS_202505"
2025-06-01;"Motor";"Corporate";1,6;54,5735173772646;0;0;908778,345880162;0;"No";"Yes";2025;6;2;1;0,908778345880162;0;"BU_INS";202506;"RID_BU_INS_202506"
2025-07-01;"Life";"Agent";1,2;47,8919445068431;0;0;1568778,83291097;0;"No";"No";2025;7;2;1;1,56877883291097;0;"BU_INS";202507;"RID_BU_INS_202507"
2025-08-01;"Property";"Agent";5;34,9545600877518;1;4656634,13567983;705779,335944419;6,5978612556695;"No";"No";2025;8;2;1;0,705779335944419;4,65663413567983;"BU_INS";202508;"RID_BU_INS_202508"
2025-09-01;"Property";"Digital";1,5;32,2895877964146;0;1064699,53700522;810366,163118412;1,31384994273217;"No";"Yes";2025;9;2;1;0,810366163118412;1,06469953700522;"BU_INS";202509;"RID_BU_INS_202509"
2025-10-01;"Property";"Agent";4,3;43,9992173607769;0;4518834,00704726;661816,541738112;6,82792544770724;"No";"No";2025;10;2;1;0,661816541738112;4,51883400704726;"BU_INS";202510;"RID_BU_INS_202510"
2025-11-01;"Health";"Digital";2,6;56,6442209691127;0;185774,850912157;1375476,55367689;0,13506217202725;"No";"No";2025;11;2;1;1,37547655367689;0,185774850912157;"BU_INS";202511;"RID_BU_INS_202511"
2025-12-01;"Property";"Digital";2;46,7416260367;1;2821083,43557596;667968,659742609;4,22337694206045;"No";"Yes";2025;12;2;1;0,667968659742609;2,82108343557596;"BU_INS";202512;"RID_BU_INS_202512"
2026-01-01;"Property";"Bancassurance";6,2;57,7219916313774;1;5515160,11225747;1095369,64324098;5,0349762258695;"No";"No";2026;1;2;1;1,09536964324098;5,51516011225747;"BU_INS";202601;"RID_BU_INS_202601"
