Income,Age,Education,Credit_Score,Years_with_Bank,Transaction_Count,Balance,Loan_Approval_Amount,Credit_Card_Limit,Purchase_Frequency,Customer_Satisfaction,Online_Activity
66161.01279,57,Bachelor,503,1,41,1968.919899,2517.159284,5813.3427,0.975409343,1,0.202692894
78639.20248,60,High School,779,2,27,9797.056371,31501.75884,3991.007637,0.945920239,2,0.549358234
70207.25321,46,High School,519,14,95,7024.173403,16444.34158,6036.140567,0.272663891,3,0.842992534
65866.23872,42,High School,834,17,77,7992.359261,45233.59294,2691.192862,0.8143851,4,0.119473174
56774.10995,36,Bachelor,410,12,58,538.6910419,48586.58248,10144.07309,0.346523165,4,0.990168017
73442.05848,21,High School,768,15,46,7226.574153,13968.14773,14188.80033,0.645516296,1,0.759612778
57819.04084,62,Bachelor,430,14,81,4836.263058,43456.20154,18221.08675,0.325910444,2,0.248529977
91882.97506,37,Bachelor,420,9,59,7949.263177,18869.30001,15163.01895,0.19667636,4,0.974774626
97274.70704,63,PhD,651,4,24,7160.577123,13426.76157,3065.652477,0.57906754,2,0.228496276
53758.11391,18,Bachelor,484,10,73,1764.187614,30247.50238,11167.86203,0.850698513,4,0.862970551
84379.37786,28,PhD,410,18,81,9187.200485,45720.86043,2507.120806,0.957043169,4,0.246557689
64667.11898,21,Master,490,6,19,5777.064629,7620.394764,11882.79654,0.262524107,1,0.818504495
67603.34208,24,High School,389,12,75,3857.261105,13286.34954,11038.65528,0.679541935,2,0.326712378
94419.74787,45,Master,618,14,16,2277.063972,2815.184753,1123.831875,0.825368847,4,0.996198749
30327.70436,53,High School,593,10,89,7835.391952,15809.17555,15322.45232,0.211668918,3,0.814962012
31534.69748,24,Bachelor,459,14,65,9707.023908,35898.20739,13187.07603,0.512034592,2,0.254663442
26516.37981,37,PhD,615,14,4,7355.203736,6033.980698,9621.346059,0.905516314,2,0.7611595
87446.48842,52,Bachelor,804,17,91,6098.636152,15659.1582,18460.36746,0.86488678,4,0.573728422
83361.75632,56,High School,639,18,21,9503.362099,28095.30091,9599.490747,0.011290082,1,0.232470292
90250.91112,38,High School,660,14,48,7115.716001,39765.30172,9760.959544,0.624164141,3,0.115879448
98396.37567,61,Bachelor,677,8,63,4564.726478,49471.05841,4091.229185,0.6353955,1,0.444067429
84936.89232,18,High School,352,18,98,3216.538414,21882.48944,13633.19938,0.991089229,4,0.166811365
59610.95217,54,High School,598,5,25,1887.053662,26567.32122,4201.738091,0.688511745,4,0.842161179
83539.68822,63,Master,573,12,83,8736.807502,43773.15539,6883.113722,0.539751013,3,0.32193196
33870.58194,59,Bachelor,338,16,41,7228.892195,23960.38807,14284.63295,0.182109447,3,0.158450873
72994.0766,20,Master,782,9,10,9780.789136,11479.17352,6815.100517,0.264041975,2,0.72144809
35751.49656,51,Bachelor,493,7,73,752.0338075,44584.04392,12453.60927,0.819844741,2,0.242972055
95850.16878,30,Master,514,8,72,3147.240583,36738.62641,19557.51089,0.069574986,2,0.685109513
64138.62413,33,PhD,345,12,93,4064.62542,19470.17964,1819.246656,0.014168726,4,0.399402833
56099.6455,51,High School,422,6,42,9625.423516,24893.62797,8489.949922,0.611360862,2,0.389091317
44841.67091,41,High School,834,18,20,5907.865838,10890.06854,18094.96238,0.676137491,4,0.103874508
83067.52671,30,Bachelor,531,10,87,6800.83784,3226.836476,12207.49434,0.825739013,1,0.001320093
59211.27492,23,Bachelor,810,1,68,2708.623687,16841.23585,18893.72684,0.530224576,1,0.946316119
67632.54617,56,Bachelor,648,7,79,2574.883065,32070.12311,19058.83529,0.842369326,4,0.008469059
26409.23503,19,Master,621,8,67,3427.717163,14853.29191,16721.13683,0.825210569,3,0.741533336
71322.66228,28,Bachelor,641,19,88,839.9694728,49277.9829,7610.467453,0.389627006,2,0.682505409
70907.1792,24,High School,844,7,25,9395.155931,5964.590385,1507.701267,0.090809426,3,0.422443601
71270.04977,24,Bachelor,734,4,85,4051.610591,32607.27345,19122.31132,0.762953866,1,0.540833264
95781.10589,56,High School,626,6,36,2005.016174,27763.74941,4877.531144,0.965142988,4,0.432055522
76136.52243,56,Master,784,10,47,3438.140354,1156.868527,5609.053666,0.878360124,4,0.684195744
51963.09254,29,High School,451,6,33,1957.890377,42178.84891,13652.1872,0.633299209,4,0.721214768
57777.39653,39,PhD,422,17,35,2558.392783,20965.95566,14341.46703,0.09608301,4,0.281630041
77322.33969,20,High School,382,7,43,7575.959669,26197.47478,19221.34892,0.592191183,2,0.849420311
29516.91037,30,PhD,402,12,93,2380.220452,36543.05429,12310.06399,0.015700533,2,0.519799233
75007.50366,47,Master,389,18,38,6988.434313,36445.30741,9366.269156,0.591976479,4,0.844703113
75297.84022,27,High School,379,8,83,5933.655195,40065.80222,3363.245293,0.833705187,2,0.932012042
40778.69208,26,Master,413,19,56,1450.828941,6602.7089,17290.79646,0.741453985,1,0.497723694
34669.47232,23,Master,455,11,36,7637.086131,48303.79017,1841.032252,0.615698099,3,0.762033495
48657.12632,61,PhD,813,7,66,8528.724946,43639.14264,17192.35319,0.120548591,2,0.547139904
52278.30782,19,Master,565,5,94,9559.874581,44371.46586,7389.965251,0.172807468,2,0.421094023
67764.75778,61,High School,415,8,21,9589.993494,32905.65683,18252.55749,0.845114652,3,0.39149862
57895.11351,33,PhD,695,16,47,7063.707975,15179.26509,17161.83382,0.591480865,3,0.583445089
99128.03785,30,Master,364,14,99,2913.44539,35498.65369,14279.57046,0.521891733,4,0.381837052
32653.36081,30,Bachelor,547,4,92,379.1166828,38888.81064,1405.486283,0.208122754,3,0.795079327
40665.75671,39,PhD,805,7,63,3902.304191,12233.06315,14141.64637,0.424403826,2,0.207326055
37098.21384,36,High School,489,12,63,7331.266084,42909.27591,11674.67393,0.580881125,2,0.271316676
73983.12441,43,High School,354,8,79,9406.38613,25040.3065,5791.482077,0.628094586,4,0.53795724
43996.87019,31,Bachelor,592,12,31,1135.403624,12408.39033,11960.52593,0.703447882,2,0.300318275
59973.30796,48,PhD,768,17,92,5422.419402,48354.29576,17141.33214,0.748252737,3,0.708811089
43331.9194,46,Bachelor,426,5,52,4747.737178,46207.01848,5002.38086,0.620857627,2,0.533336871
36922.71877,62,PhD,319,19,5,457.2830433,36110.33356,7453.31859,0.155583923,4,0.086917313
33278.13559,59,PhD,496,12,69,6506.774201,27480.37142,2677.905618,0.542321753,1,0.757026361
74224.71921,39,Bachelor,469,3,7,8725.796926,18987.68922,15789.10513,0.074814325,2,0.21954498
35363.72135,24,Bachelor,508,17,42,4618.526066,44231.2997,2887.518371,0.59079984,3,0.943705571
39743.67713,54,PhD,485,10,4,5232.657226,38900.44665,18327.81895,0.979406658,4,0.437395377
52654.3878,58,Master,396,6,40,1777.898691,38594.52236,10706.25564,0.267247112,4,0.739378564
86574.49224,44,PhD,578,9,28,1211.184897,25835.09873,6191.793622,0.391840714,1,0.785549115
32282.59568,48,High School,431,18,14,6138.478434,3006.596366,2330.502504,0.272562069,3,0.608679473
87845.86806,23,High School,692,17,45,7164.101249,28351.84637,16538.0244,0.558910295,2,0.240619044
32207.38059,33,Bachelor,469,13,1,2875.033729,42549.15203,8453.483721,0.04378694,1,0.143668024
98234.45988,55,PhD,402,6,75,4994.505065,25855.50099,17811.75409,0.993941818,2,0.729108297
60148.84012,55,Master,395,19,94,9580.593879,37353.42939,14690.47993,0.79675376,3,0.248543324
98257.08161,49,Master,408,13,79,333.235427,24165.17834,2598.931929,0.617373706,2,0.277487947
70363.41398,50,Bachelor,391,2,1,2358.134165,28426.01401,15670.37486,0.812626142,2,0.644817089
80444.76845,34,Bachelor,723,11,1,1030.532537,3260.837351,16629.97468,0.221409113,4,0.985653761
27939.08442,50,Bachelor,358,4,97,8219.924326,16208.62496,2903.517111,0.858433951,3,0.525678923
46210.52219,28,Bachelor,305,17,12,9922.434546,45011.10488,13734.71909,0.983595533,3,0.340540199
34014.74209,30,Master,373,7,30,1597.290066,16128.82111,5198.639653,0.63553226,4,0.034342497
47210.51481,47,High School,440,1,6,7519.009031,23224.52231,7371.682844,0.562759439,2,0.816271241
33904.57892,18,Master,525,8,70,2873.789749,28914.17586,3667.730088,0.451363492,4,0.675226753
48848.73845,47,High School,827,4,58,3287.446511,38507.69654,1832.157518,0.642652029,4,0.742936897
56069.72459,44,High School,304,5,31,9298.480945,13158.45355,17292.62281,0.656283504,3,0.128652594
29811.06223,57,High School,366,13,19,7125.231372,4561.21609,18724.76632,0.555313228,4,0.603454757
76935.40895,40,Master,665,18,17,8120.745036,43127.24312,14713.6794,0.762147589,4,0.13236675
67495.10907,37,PhD,628,9,82,4547.614376,35995.1284,4123.16321,0.354161032,2,0.102644361
44904.21182,23,Bachelor,561,16,76,3272.626783,38797.6718,1017.345471,0.811200183,2,0.739302114
64243.60401,54,Bachelor,635,7,10,1383.067463,9370.155169,7905.875881,0.635301815,1,0.801671135
32045.53831,37,PhD,773,11,10,6253.781798,24149.75578,11360.96589,0.345587724,4,0.547693803
68195.98717,54,Master,517,2,91,6798.350737,23341.93418,8922.305634,0.179301096,4,0.140711289
94697.21482,23,Master,695,5,77,9303.974291,25665.27258,13683.62124,0.481650905,4,0.749342846
48892.67143,46,PhD,399,5,65,1251.539381,45996.34746,6288.904468,0.454068836,2,0.10703503
75055.7785,30,High School,838,14,29,7370.604462,49592.70109,6509.100212,0.294623796,4,0.583913389
34884.83968,44,Master,555,14,78,5465.400163,2550.642276,1115.150135,0.591417024,2,0.733998674
78724.54031,37,High School,555,10,88,4573.301068,10032.34801,13188.82865,0.005397599,3,0.713538187
46705.45697,30,Master,541,9,59,7529.183799,42187.30237,17073.6936,0.32642027,1,0.71173207
38739.35215,56,PhD,611,7,49,6072.755152,5291.017002,18408.61785,0.649064243,1,0.037560321
68988.47011,25,Bachelor,822,13,28,1027.544437,48800.09701,12155.97376,0.025872855,4,0.902299471
26508.06596,34,Bachelor,580,3,26,4191.563983,35516.19844,4641.40956,0.576563041,1,0.482243196
87170.50219,47,Bachelor,811,4,85,9956.701936,1558.210765,8796.108617,0.376472212,4,0.138861446
25352.16071,18,Master,651,9,77,7675.552241,35202.05707,7796.002661,0.757736172,2,0.498354939
75836.24026,41,PhD,343,17,25,7625.803782,16122.37799,2088.538112,0.212405707,1,0.496786294
45250.59799,33,High School,355,6,6,9222.061356,25571.10754,1267.571097,0.821578184,1,0.709738292
80139.55166,28,Bachelor,305,9,35,7293.854682,7845.66817,6900.292665,0.206814692,4,0.240270155
97164.14088,21,High School,707,6,77,8479.846901,30572.09016,14476.69027,0.606471459,3,0.26691143
43656.48576,21,Bachelor,342,5,60,4010.834141,11456.86086,13367.79353,0.198040997,3,0.078111727
68211.80008,34,High School,349,12,44,4001.44659,14858.44229,15540.02709,0.547190553,2,0.113541484
69403.14485,27,Master,657,3,80,9570.318254,35106.84001,17629.47304,0.473688733,2,0.418265555
67918.89293,38,Master,727,7,60,7574.936401,10741.69266,19027.37597,0.223922802,2,0.537518254
41731.12245,55,High School,452,7,22,4713.154529,15150.70691,16164.31845,0.583656461,3,0.899785637
96456.17586,35,Master,637,13,13,4895.966303,5257.397869,1770.794164,0.220853057,1,0.705058604
58534.4034,27,High School,833,18,99,165.9075246,30419.19364,19403.37361,0.508853941,1,0.990912002
88480.65044,62,Master,446,17,6,2297.33589,12754.70947,6979.828178,0.856859045,4,0.593577895
77460.94565,33,Master,363,6,21,4713.021881,44195.89313,17792.13961,0.86395687,4,0.938916268
47307.77131,56,High School,645,1,32,2937.987395,29976.99877,3553.838091,0.647279141,1,0.854956566
86034.83648,32,Bachelor,841,11,99,9818.16086,11866.0558,13458.19171,0.465324073,3,0.027676827
54737.93056,51,Bachelor,593,18,24,1155.222203,1357.072657,7104.029941,0.669390166,3,0.796193405
91082.73978,22,PhD,468,13,20,5055.57997,6720.35328,16087.7165,0.810280944,3,0.22323546
68595.46545,34,PhD,797,5,86,99.12599003,12295.99838,3442.275849,0.791488429,4,0.948300645
91130.15214,54,Bachelor,662,11,48,2725.183873,28073.09058,10650.97107,0.548403303,3,0.119679076
76939.86926,25,High School,523,2,7,2244.308675,10459.37817,19659.11871,0.307400693,1,0.205473698
79394.07099,41,PhD,403,10,69,6050.893252,34452.44835,14786.86621,0.657824192,4,0.303365081
62599.32864,45,Bachelor,567,17,74,8872.189456,5350.087848,3414.811607,0.018989531,4,0.003091622
96706.2726,64,Master,612,14,25,5664.434972,20586.86103,13506.1283,0.968772254,1,0.013682571
73299.26494,25,Bachelor,747,10,48,6441.025446,12592.80442,13756.53686,0.329700596,3,0.63831772
56789.12864,40,PhD,442,13,33,2799.233821,40340.19282,16689.84537,0.417519052,4,0.055884095
70479.49106,52,Master,588,13,75,3088.664888,7269.691896,6637.904351,0.547922951,3,0.101273302
26439.48987,48,Bachelor,493,12,91,4990.052428,6909.424075,3789.586179,0.717488329,1,0.433554716
47618.11125,34,Bachelor,421,17,92,5685.596635,39294.51211,17087.57598,0.161786534,2,0.759058829
74513.01531,45,High School,673,19,17,5463.289207,18237.53753,7932.288949,0.375864709,2,0.352288079
46755.82054,29,Master,336,6,99,2600.463466,39574.80212,9346.224501,0.318900474,3,0.886417233
71351.15717,41,Master,325,15,23,1459.733905,33569.99461,19236.71584,0.055952999,3,0.177340843
57157.65257,32,Master,372,5,29,3683.72364,5322.314162,9711.332081,0.453870668,2,0.224451628
35160.55482,57,Bachelor,350,19,29,7841.194815,48581.40909,2550.663873,0.087960806,3,0.043838785
47371.17445,48,Bachelor,824,5,79,5961.330197,46592.89282,13559.53155,0.882156891,2,0.806260581
67747.3683,44,PhD,447,19,90,1818.730398,40290.52386,14618.79929,0.529676677,4,0.767317224
69315.45709,52,High School,694,16,6,2332.1774,42080.3048,9878.30872,0.817807132,1,0.927893967
68074.39366,35,PhD,819,1,67,9041.922274,31405.47919,14357.2879,0.59555293,4,0.85707491
73990.06149,53,High School,392,18,36,3961.878474,46082.75896,8525.618966,0.935770361,1,0.006100438
73907.74525,25,PhD,826,6,76,8537.008951,21373.58814,18112.29055,0.081727149,3,0.634485601
57356.38266,63,High School,756,12,52,9774.710975,44777.78353,15641.33507,0.732015755,2,0.213399448
92240.99469,55,PhD,346,13,78,3578.672993,23455.44072,6306.887504,0.682723344,3,0.056528153
52567.14025,22,Bachelor,527,6,57,129.1768276,39307.27089,9970.882307,0.795202547,3,0.979891484
57689.86939,31,High School,335,9,96,7277.887506,24304.38511,14721.79492,0.572892065,4,0.295740264
91894.25163,55,Master,509,15,95,4854.381353,35163.60792,11149.32025,0.301452639,1,0.43821568
85464.54918,37,High School,451,17,6,8874.218163,22199.28453,10878.85607,0.312440413,2,0.473075142
77791.64377,61,PhD,361,17,30,1692.290904,19678.67441,17008.23252,0.887619947,2,0.972619706
32517.01655,26,Bachelor,481,11,92,2432.475502,32949.42991,13401.35951,0.354499573,3,0.496006201
93961.19603,50,High School,824,6,54,4716.417358,39307.0656,18868.9503,0.814113936,4,0.726143988
78568.09747,35,Master,729,16,66,1357.7579,4991.294779,6160.136892,0.765899495,1,0.270633483
99913.52549,23,Master,819,4,62,3603.339984,13940.41231,2894.922497,0.510078746,2,0.559668289
36208.62285,54,Master,806,7,27,155.6372473,29843.59797,4533.678429,0.912075733,2,0.511651696
90109.4543,19,Bachelor,731,17,29,8017.804308,15400.48392,4606.726178,0.300758903,3,0.090918548
37186.9701,47,Master,410,19,40,1007.040816,29469.85248,11529.77638,0.006539077,1,0.860841853
71166.96732,23,High School,534,17,98,5958.579436,49676.31273,10726.49157,0.757741253,2,0.153639823
34286.49871,34,PhD,762,11,48,2622.31313,44370.01608,12286.37484,0.764781492,1,0.433646862
88600.6172,56,PhD,389,16,33,300.1497126,29305.90445,4820.074044,0.195856673,3,0.909350465
85548.9219,58,High School,401,2,5,1096.951529,4346.726576,5546.384262,0.815666557,3,0.602680766
67682.5554,40,PhD,676,11,55,6992.151679,41320.22598,2082.169163,0.858986517,4,0.385079753
55538.74729,48,Master,484,13,1,8910.623144,47629.9997,1481.10922,0.657096225,4,0.790847253
30187.52466,37,Bachelor,334,3,12,546.7774926,7261.417757,7753.568283,0.519520143,2,0.066145709
77307.15799,22,PhD,823,19,52,2814.366442,31330.51711,15179.9764,0.628470128,1,0.760450226
59015.7012,38,Master,439,8,69,3984.317061,8264.157907,14302.11706,0.636838691,2,0.864616626
79154.16996,60,PhD,660,8,27,9786.826215,6454.690049,13640.90461,0.848952622,2,0.777516669
89978.67444,28,High School,720,2,16,4426.679476,18980.52382,1407.937724,0.229336396,4,0.286446379
98164.11288,21,High School,477,13,93,8248.608765,13394.89863,19021.88407,0.917005478,1,0.340317194
89185.25068,40,PhD,523,13,17,2811.198761,37063.2902,7467.55186,0.949881326,3,0.837111399
25878.55631,55,PhD,439,8,71,4681.697075,12083.71831,9248.041982,0.220049117,1,0.226143303
51998.35484,47,Master,846,13,96,8258.616403,42469.32098,16223.81206,0.105273456,1,0.537893576
79749.29218,59,PhD,760,17,3,7686.920897,12787.18985,2739.062317,0.673592062,4,0.558869124
37872.22579,58,Bachelor,595,17,18,2385.660257,33311.47387,4360.199143,0.112931448,2,0.812328626
64077.74547,35,PhD,668,7,66,2527.174878,9563.117642,7186.627103,0.24907111,3,0.016132016
29075.34913,58,High School,822,5,33,5484.729851,29510.97419,17024.33144,0.164154825,4,0.999897293
39999.73937,60,Bachelor,677,14,98,9380.150048,25686.30293,14029.86318,0.858316716,4,0.14014
26389.13458,48,PhD,375,13,39,1199.27938,28997.64827,7809.493547,0.908915265,3,0.356066272
84527.32775,47,Master,351,2,69,7720.61988,19861.99335,18733.9501,0.313304718,2,0.670733401
41794.3516,51,PhD,800,19,95,7376.005448,46584.98055,15890.32568,0.331703142,2,0.019487852
50901.37605,48,High School,391,7,5,8507.756472,16214.88191,1198.499735,0.464242313,3,0.495407394
94606.09701,64,High School,572,3,80,8892.003678,45498.19492,9555.518858,0.136035994,2,0.013223039
77831.08014,55,High School,619,15,22,8834.254567,37607.87989,9076.323932,0.78100306,4,0.254191724
27387.91971,42,High School,560,14,11,9009.158986,18953.06285,5476.398672,0.533095732,4,0.919521988
37352.06174,34,PhD,815,6,17,9807.048402,23471.26665,6353.315798,0.296712614,1,0.308595227
71610.88011,53,High School,444,14,3,3324.295408,43767.06038,13974.09036,0.481914261,4,0.942500588
68292.14415,57,High School,682,12,47,9290.113287,9843.056566,5568.521899,0.592812496,1,0.388170891
42841.9616,47,Master,567,6,62,9475.603115,8559.132125,15066.28044,0.344147834,2,0.567762574
95066.04984,19,PhD,450,18,47,6481.822785,28801.55153,9918.733119,0.268167896,1,0.74058647
71047.4467,41,High School,519,13,33,6645.907441,49102.1689,2513.414471,0.145964809,2,0.833520295
65172.46023,26,High School,372,7,24,3585.585546,25493.82955,8724.130908,0.681481839,3,0.046036578
69243.24823,18,Master,594,16,62,7453.039258,31145.07995,16038.79906,0.442211696,2,0.357588803
79759.15221,41,High School,644,10,2,6025.609455,31664.91719,3455.894769,0.087909174,3,0.064070873
48395.87466,55,High School,619,11,37,7863.189772,34808.72976,10551.02621,0.608208227,2,0.972653051
54866.57967,44,Master,816,9,90,1535.136058,34016.32596,4540.05369,0.116635351,2,0.268856519
40738.28117,43,High School,715,17,9,8145.926585,43888.81438,18600.81623,0.133451918,1,0.417624808
38964.47544,43,High School,503,6,48,7233.816185,22216.81267,11421.56345,0.646853719,1,0.416049407
95827.92925,24,Master,598,7,92,5459.453059,47403.1667,4140.04293,0.860410472,1,0.346951415
80466.30963,42,High School,487,17,1,2597.16514,39133.28249,11621.91339,0.726562966,4,0.128470974
61784.41065,33,Master,610,7,36,976.7420498,14436.98901,19213.23536,0.986367586,1,0.240373119
42056.0971,55,High School,735,17,27,4848.333169,15177.75416,16765.55485,0.24498962,2,0.617853808
44076.73613,59,PhD,383,7,63,1446.215591,20530.30458,7462.029759,0.82611366,4,0.794176069
29352.18702,35,PhD,497,2,53,7617.731672,48571.51598,15128.48787,0.596801476,4,0.842890442
57581.24692,34,High School,645,16,23,9245.589332,2147.1014,14042.50486,0.754052408,1,0.239829894
48384.69115,61,PhD,601,2,32,8203.213035,4934.423396,15217.05159,0.480053414,4,0.190598962
77225.76166,64,PhD,667,15,2,3304.589095,22311.8756,10186.20949,0.124692844,2,0.461863307
53331.38795,23,PhD,615,1,94,1460.043486,30237.48197,18461.33747,0.810324004,2,0.479572583
38470.27582,37,Master,454,5,4,79.1325329,47066.88929,8078.873157,0.347320721,3,0.364226935
26850.90463,40,PhD,716,8,4,6636.581318,39927.12311,19288.26182,0.162374346,2,0.349495812
30043.72236,63,Bachelor,627,3,99,1876.120792,2870.516328,3326.105319,0.533350166,1,0.731648544
75954.45801,29,Master,396,18,37,7165.543242,5759.787644,18717.2185,0.52816888,3,0.979254382
59027.26334,29,Bachelor,813,15,43,5754.328145,8563.8089,15483.62489,0.26092913,4,0.012881592
65243.44083,51,PhD,802,5,21,4700.174829,40033.42984,19148.85729,0.749892861,3,0.110436652
92250.34698,25,PhD,731,10,6,7675.392416,17207.48447,11519.03706,0.3582574,3,0.239957794
99275.42105,44,Bachelor,680,9,89,9810.662229,40147.75121,18796.97758,0.530806802,2,0.884404255
41267.27383,25,High School,665,17,84,1285.941449,1230.459555,4222.593975,0.545595054,1,0.874829531
74730.86523,50,PhD,418,8,55,5505.186881,28474.53591,1568.048074,0.944689896,3,0.406844187
44749.17826,54,Master,471,12,4,3132.228853,31842.54517,14312.64545,0.97952585,2,0.400762005
26548.82496,36,Bachelor,774,11,84,279.5538023,26307.62592,17406.3317,0.689507611,2,0.443973192
81878.39904,41,Bachelor,315,14,24,293.4626692,41252.83626,18040.9278,0.00081261,3,0.037834029
49001.28631,39,PhD,502,16,49,5776.220046,19417.9704,2167.958458,0.800508406,1,0.865308357
53759.79206,20,Bachelor,385,10,95,829.154432,30788.90334,7711.416767,0.888126665,4,0.705417674
69123.78352,26,Bachelor,406,6,31,439.2826228,6638.792892,9441.788683,0.982277015,4,0.321537264
87328.63414,28,Master,791,3,90,1728.785337,38558.53761,18598.25913,0.019551802,2,0.02404278
72173.63827,23,High School,770,7,8,4598.646802,7209.950113,6565.828558,0.859603333,4,0.181615343
90448.79916,56,High School,556,10,43,5007.676595,38084.22947,14079.13864,0.866637458,3,0.322703089
45515.65261,56,Bachelor,486,14,13,9152.665197,16541.1613,5177.894085,0.192718678,2,0.296000879
84853.51254,54,High School,312,6,5,4196.691843,1717.648666,12641.80863,0.838401921,1,0.8863428
38922.69582,19,Bachelor,519,7,28,1077.788141,23002.52925,3149.34404,0.046751689,1,0.79501305
96459.37427,54,High School,681,4,77,2309.159245,36063.9854,15336.38653,0.069326125,1,0.19287115
76561.62073,23,High School,731,12,75,9454.086862,45158.10108,1846.439163,0.593162619,1,0.905356242
41163.07578,23,Master,672,11,44,5951.520382,38364.44155,19968.52056,0.965206335,2,0.548143028
96052.79429,56,Bachelor,334,12,54,3553.426162,27917.26785,16226.69598,0.470523328,1,0.303267369
79814.18551,53,Master,624,15,11,8927.115179,18486.63529,12641.23641,0.377758692,3,0.130146884
44045.62319,42,PhD,472,12,44,3005.742061,28356.96283,15601.50805,0.497454839,1,0.941708224
40998.3983,33,High School,540,17,7,8810.947001,44366.09049,1057.503456,0.988192418,1,0.065826149
63865.05354,38,PhD,667,4,72,1211.337326,43256.57678,9139.507208,0.663866724,4,0.261783876
26924.70385,27,Bachelor,498,18,1,9382.293572,1474.693723,12278.82082,0.549509064,3,0.838817532
40560.25566,22,Bachelor,562,17,52,9376.863574,34002.7227,19547.82626,0.792153741,1,0.279004287
56851.41016,42,Bachelor,732,11,35,3452.698492,8503.454646,7951.406038,0.474106442,1,0.480849494
53062.74853,48,PhD,693,10,97,175.4876021,40384.38357,19439.32902,0.500699534,3,0.784286614
59768.15683,20,PhD,840,4,24,3530.414342,42405.63,10795.43608,0.774294227,1,0.590998204
45822.15297,37,Bachelor,377,16,65,1808.110152,43311.87551,2318.251083,0.47711728,2,0.71323995
69008.82598,21,Bachelor,693,5,72,2660.671014,15239.07897,12713.51831,0.129134627,2,0.312145984
89789.17044,31,PhD,769,7,31,6256.828773,32826.02582,16619.58493,0.033424359,1,0.198484806
33814.8892,29,Bachelor,821,8,19,4430.981856,5728.264534,17855.55549,0.643163764,2,0.603471852
63803.43304,31,High School,410,18,33,7363.126921,48746.97441,11047.8739,0.105874697,3,0.167183751
34905.10798,54,Bachelor,464,13,3,6370.370385,21061.64521,9451.512318,0.888116174,2,0.538978625
78764.47609,35,High School,584,7,39,3005.572055,27705.78726,13123.74636,0.503497752,1,0.842240471
54704.47771,44,Master,800,12,13,3238.765385,25689.30115,2185.772989,0.015614503,1,0.600809837
67406.59839,24,PhD,364,12,65,7981.464067,32162.43055,18892.85885,0.271098417,1,0.638322478
38745.98772,52,High School,441,15,73,5321.630482,4829.747847,5558.259088,0.583168556,1,0.275930912
35863.58195,39,PhD,535,12,4,1273.805928,5406.513173,12920.09802,0.329621181,3,0.990124545
61604.22105,38,PhD,814,7,14,5867.23117,4809.705009,12467.34684,0.38077479,1,0.294101954
51670.95534,60,Master,721,14,91,1379.789387,10019.21913,14712.19557,0.893421391,3,0.357434045
95532.39589,35,Bachelor,387,14,4,8687.081651,20732.65348,17217.10533,0.64898464,3,0.38584571
82399.39404,55,High School,815,18,71,1292.701949,20441.57137,5801.024543,0.247972048,1,0.9499471
81149.77149,43,High School,411,9,7,6694.081199,16257.3959,4931.552462,0.873689194,2,0.610684549
92778.98048,39,High School,790,5,21,8968.103717,38643.5759,15178.39711,0.840663201,4,0.060491182
31256.68266,54,Master,328,19,59,981.2352545,42379.58373,4543.285272,0.639371166,2,0.378645635
66414.43524,22,Bachelor,609,17,3,5302.321799,5571.649233,19164.81339,0.243965386,2,0.146693782
68835.70517,52,PhD,669,3,86,9580.908737,7308.462731,4747.863897,0.811244837,1,0.138648453
97145.22839,29,PhD,659,9,48,2779.427788,1895.9771,11002.922,0.425868275,2,0.594789962
46911.06451,52,High School,497,12,53,2810.679399,7665.874294,13469.1691,0.279965464,3,0.352016516
43062.15849,51,PhD,840,16,59,4700.524002,18821.43351,4242.769281,0.215791068,2,0.540570446
32522.04567,64,Master,427,16,83,9477.032937,30889.58477,8332.913195,0.252323051,4,0.620658493
26232.22222,37,High School,471,14,81,8010.136922,24499.65717,15802.44882,0.456808572,3,0.487819886
94714.69876,29,High School,383,15,58,2711.856325,48647.48692,6702.952215,0.616742511,2,0.215391485
75243.74099,51,High School,362,15,44,2315.853563,1506.068064,7539.764409,0.902576724,4,0.092445557
83886.4684,43,High School,502,19,34,1986.167501,34210.98177,4878.303739,0.827813066,3,0.300375008
46129.75793,51,Master,519,15,70,4297.254996,9726.173395,15412.43314,0.2045171,2,0.538515898
68980.76246,49,PhD,466,14,94,8079.056781,21965.90984,5550.1047,0.893494541,2,0.279353075
29796.64496,63,Bachelor,331,2,80,1523.02206,36759.71774,6145.96349,0.344719453,4,0.391778112
61422.0697,24,Bachelor,682,5,90,6170.596793,3828.230069,10326.71332,0.518115741,4,0.905704834
98312.13548,43,High School,321,11,25,4722.903863,5042.669809,4644.023595,0.330484229,3,0.02633466
90737.8934,42,Master,792,19,61,6463.208099,38453.40178,5362.872225,0.814970876,4,0.082723484
50361.92139,63,Bachelor,671,5,65,4034.851982,20922.16202,18598.33838,0.110337125,2,0.820062332
97117.76159,56,Bachelor,655,9,62,7598.222112,44350.48261,16239.54445,0.923326411,2,0.186102943
42377.62199,34,PhD,469,10,78,3210.075274,23741.4323,6103.623056,0.218093355,4,0.83221422
96198.91168,41,High School,550,15,13,7221.673933,34674.74715,14283.07443,0.257835303,4,0.62485154
95603.32785,44,PhD,553,14,71,9596.583803,36801.76534,7920.820452,0.175708974,4,0.109416403
84940.19405,21,PhD,579,13,50,5792.417514,25617.90585,9075.486804,0.115657777,2,0.334281442
72283.59527,44,High School,422,15,4,6345.606679,43820.16875,14411.32857,0.580876812,4,0.96158938
90571.5975,64,Master,537,9,33,5248.011998,30842.75428,16303.69646,0.439135274,4,0.17663086
46976.52134,47,PhD,336,14,50,4859.50377,9038.184972,6007.505966,0.816899852,1,0.413435942
88670.76665,20,Bachelor,812,10,14,1685.468195,23616.85301,4301.29897,0.337161156,1,0.30730966
71340.75189,23,High School,367,15,76,6875.489576,3532.911461,9358.081915,0.780156337,2,0.509815114
25992.76433,25,Master,587,13,18,6061.718638,49704.49392,5780.386803,0.586327383,4,0.434388553
51042.51384,33,Master,316,6,69,5528.857605,3803.170379,16273.06188,0.687642484,2,0.93185905
36110.56457,32,Master,582,14,88,3064.269787,14507.39972,4209.344693,0.470567899,1,0.826116797
98637.20424,53,Bachelor,562,12,48,3944.914081,34034.14774,7208.735943,0.276916161,4,0.58037869
60877.77303,57,PhD,533,13,75,4331.938558,13538.88116,4670.793101,0.007370987,3,0.333844976
62304.35241,25,PhD,785,10,39,6574.850963,41723.34317,1629.740658,0.254049817,2,0.751129728
72960.43873,56,Bachelor,567,18,49,7258.936268,14956.80135,12095.22795,0.571263394,2,0.589588466
52643.84546,47,Bachelor,637,9,37,3129.534571,29700.77422,15820.64219,0.531933557,4,0.162478879
35267.52038,29,Master,599,16,94,6147.364965,40809.11636,16536.83673,0.965070734,3,0.312042062
86658.82999,21,Master,623,1,26,3703.742687,40900.29222,14080.9276,0.711215933,3,0.568323265
39238.59339,31,PhD,832,13,36,4852.116731,44817.61568,15493.253,0.159433626,3,0.699961729
63348.92369,42,High School,775,17,72,819.1750018,48581.65613,9427.739283,0.991562388,4,0.320504286
41823.77717,22,PhD,811,19,65,5786.776244,37070.16792,3171.795922,0.345405712,4,0.910223978
32338.33634,40,PhD,776,13,65,8964.421192,29881.29287,6169.213687,0.589939804,4,0.408199767
89664.36381,47,PhD,570,19,9,9534.053465,40386.16701,11653.98063,0.124611726,4,0.149172037
97968.96168,56,PhD,570,18,68,3346.351312,12448.59233,18667.73184,0.710147351,2,0.212346284
97062.59935,29,High School,380,12,7,1701.261006,20206.54142,13919.28251,0.930318575,3,0.198788712
92991.66244,32,Bachelor,783,16,8,9766.405959,45610.95085,4511.153877,0.30079509,3,0.233804299
83053.54995,36,PhD,747,18,52,7967.050019,49488.00261,9826.353213,0.809505319,1,0.383672521
49985.8864,43,Bachelor,673,13,78,2931.764522,48367.37404,16910.61633,0.974930199,3,0.464944106
31082.60425,62,High School,343,9,83,44.90043973,19064.2623,2838.637933,0.314838012,2,0.542275769
55543.08786,21,Bachelor,455,8,18,2642.042642,9569.980248,2504.033318,0.151039246,2,0.93802649
42417.56066,55,High School,658,12,4,9549.452669,15010.17455,18812.26794,0.964856665,1,0.569959537
34936.57261,25,High School,835,8,9,4742.66793,3526.537241,17595.14632,0.624254397,4,0.179646337
29007.03863,47,PhD,590,4,48,2943.140139,1382.859138,9144.252202,0.162691532,2,0.455355357
79419.57732,32,High School,588,10,44,3423.927159,2742.047906,14756.80532,0.581419721,2,0.168808992
25857.0594,29,Master,578,10,62,2291.96835,33903.67186,15902.69924,0.428959555,1,0.911091375
82793.55614,27,Bachelor,741,12,4,5653.044058,8097.948871,7276.813624,0.063401245,3,0.168376111
36020.99841,29,PhD,642,18,45,2171.670641,24361.73959,9288.456796,0.893110295,3,0.610556536
30964.15619,34,Master,573,19,76,6958.915527,21629.86552,17352.58792,0.835420502,2,0.577963105
31720.22757,57,Bachelor,774,17,50,4727.631128,45937.50701,1254.01359,0.20601171,4,0.623150178
75403.58555,19,Master,525,1,51,1590.098074,46949.39294,7427.851816,0.834456967,1,0.058614383
43402.54074,36,PhD,642,8,11,9884.063416,41490.26341,19443.50967,0.788246069,3,0.289322329
56540.46,46,Bachelor,550,19,44,3977.297631,39313.86625,9706.178625,0.741472654,2,0.353670916
66802.65935,18,Bachelor,841,12,80,3894.396675,42041.90731,8702.956905,0.23937852,3,0.923161032
89541.33804,39,High School,439,13,92,4428.534489,46575.10008,1618.359165,0.037455146,2,0.608593037
79528.3197,42,Master,458,14,63,2175.710978,28744.43969,14848.13186,0.818068665,3,0.807821695
45274.59289,27,Master,627,9,83,9628.273085,22932.8962,18880.62273,0.787041308,3,0.496023685
34861.20995,26,Bachelor,342,9,63,4244.990551,41987.4425,14257.0881,0.194556508,2,0.397305529
29153.07403,36,Master,627,19,36,5861.633937,22256.11561,13490.48602,0.264002006,3,0.483599089
47619.89759,29,Bachelor,792,18,86,3392.208184,14991.67368,18708.83305,0.243931204,2,0.787163838
44658.86119,46,Bachelor,418,11,29,4805.576936,25119.11222,3926.645189,0.523613335,1,0.091006963
59210.54251,35,High School,639,13,60,9040.904218,18705.24097,2976.814816,0.727640954,3,0.953678238
76246.10017,33,Bachelor,325,3,98,1676.135163,29388.19307,14026.58087,0.278751001,4,0.603556761
77171.90842,21,Master,473,12,90,7934.01587,25552.74322,2399.286206,0.181311262,1,0.186222251
46263.91349,60,PhD,677,7,75,4621.364058,27144.58586,18267.81556,0.718111367,4,0.043763267
53494.52169,42,High School,790,15,2,2569.411852,3033.918793,14012.28698,0.937686725,2,0.128087434
38586.32213,39,PhD,431,15,22,6864.697599,12670.2057,15736.11196,0.364287089,4,0.107103809
84140.91342,46,Bachelor,549,19,26,2443.32575,17214.5233,18061.47224,0.483289689,3,0.402644675
29263.60573,39,High School,849,12,11,1533.744476,6006.94286,2570.270021,0.913887371,4,0.691990567
77274.79313,32,High School,461,2,42,3301.561479,30326.34031,7402.433756,0.772565426,4,0.250182533
83402.1547,19,Bachelor,744,15,14,2928.829301,9284.543175,11529.12696,0.174960393,3,0.385049295
83305.56714,30,Master,819,6,52,7303.697637,8103.751515,17222.8775,0.205150398,3,0.56419586
44456.69233,29,Bachelor,465,7,67,7660.047423,24884.05523,11563.77169,0.053599727,1,0.813463007
53035.98534,43,Bachelor,654,16,83,1058.318226,22411.29408,11908.85587,0.270252954,3,0.607675207
69069.97264,57,Bachelor,572,13,85,7678.801545,32216.74181,11887.99946,0.473328196,3,0.185208312
45461.64268,29,Bachelor,788,10,8,2565.683957,48531.52057,13649.11054,0.304199682,2,0.244183445
52813.95994,44,Bachelor,467,4,41,2265.56209,2984.012552,14757.82938,0.471358065,3,0.371409531
39779.07101,63,Master,845,10,57,7057.523637,25102.1836,14034.8507,0.616038932,3,0.487052203
59489.19128,52,High School,501,3,86,8737.523092,40937.24877,3625.020949,0.930873469,1,0.88420592
28345.92259,19,Master,387,2,38,6072.415493,18054.76158,19822.04752,0.923496787,4,0.246664747
84984.69134,34,Bachelor,624,7,47,9391.305051,21002.21177,17188.45712,0.622268052,4,0.927681941
30771.73352,19,High School,580,15,84,6654.26431,6509.615942,9979.864678,0.36609221,1,0.773458868
63912.63616,34,High School,306,17,91,8546.454673,26876.15066,13225.59635,0.257872923,4,0.319513325
48010.75747,51,High School,670,19,56,5206.221901,3494.280573,6078.554046,0.606942782,3,0.966800632
68315.72116,51,PhD,516,14,7,8857.206215,15805.23159,16768.2798,0.647234384,4,0.368785594
96957.50056,62,Master,361,15,1,1151.47948,33704.96885,12419.51007,0.267981252,4,0.679433179
73417.76833,56,Master,487,4,9,3864.010408,37743.27916,5989.606781,0.058605985,1,0.936553766
27652.18268,58,Master,803,6,86,2894.104686,14124.1275,16975.84052,0.353522317,4,0.789213394
57280.18296,26,Bachelor,758,14,38,1492.358471,27469.39228,2870.604054,0.954541064,4,0.886506775
63251.26392,31,Master,539,11,68,1494.139198,26656.72637,5847.998348,0.224547972,4,0.161669226
65213.3121,60,PhD,328,19,47,4428.642948,36828.09374,7410.943961,0.310212476,3,0.643521095
76104.4383,37,PhD,452,7,42,4424.355335,20089.64692,3359.768529,0.292846164,3,0.079907706
45819.70733,50,Master,687,11,93,9107.117463,17017.80586,9821.714568,0.701366123,3,0.979953934
34664.54241,41,PhD,766,12,64,9410.902923,6857.639115,15548.89663,0.735012058,4,0.6982787
54450.67574,22,Master,562,2,58,190.7659656,22602.98615,8736.450723,0.444318336,4,0.104226416
96730.42921,49,PhD,384,10,40,2591.347248,16701.66958,14202.70177,0.912818497,4,0.792999883
39034.81688,40,High School,577,17,66,84.46139183,10601.35868,4686.623782,0.725246529,4,0.462307866
92798.79662,18,High School,583,16,52,8814.126253,8985.867672,16713.57052,0.887979232,3,0.079517844
65785.44626,55,Bachelor,748,18,62,5321.10198,17161.97679,4239.2563,0.852097035,3,0.804368694
59268.35662,49,High School,666,2,70,1611.345605,39784.30823,14323.72524,0.772593014,4,0.035254651
91153.10577,33,Bachelor,687,5,59,8304.73102,39447.39655,6350.196293,0.320930735,1,0.795331097
59395.29713,37,High School,307,4,92,717.4132625,48952.8927,16524.64867,0.136850988,2,0.574221014
79312.57275,33,PhD,676,10,96,8536.248244,21564.55634,19328.17669,0.673290126,3,0.002706049
54926.89913,30,Bachelor,636,10,41,161.5881615,44471.15122,15763.49434,0.700234489,3,0.445335201
92803.32947,63,PhD,759,14,74,4548.903535,46750.14654,2025.289271,0.752939744,3,0.610583841
76751.87651,28,PhD,686,7,54,3539.668236,18755.14906,1748.372161,0.810639466,3,0.205120326
77471.65407,59,Bachelor,610,11,8,6489.986633,24933.9095,1399.29373,0.399526687,4,0.236123927
49579.03012,34,High School,817,12,48,5502.160175,17635.63073,18768.48524,0.373202822,1,0.064723556
81758.39821,24,High School,381,6,70,3538.062308,6263.801416,4399.393118,0.315793141,3,0.669733945
72704.57916,39,PhD,533,6,42,9860.586499,20703.91081,17232.50938,0.433083462,2,0.194514229
43001.5205,48,Master,410,9,29,4293.437955,48205.34654,14934.87654,0.871887927,4,0.861089212
37040.41169,21,Master,330,16,86,4846.959601,41293.42758,13843.53233,0.00191448,4,0.758521862
84729.36059,34,Bachelor,428,15,12,6288.104591,38329.89787,1893.166993,0.550066179,2,0.092960773
96937.49523,18,PhD,600,1,4,991.6065193,5945.39063,11826.9344,0.223692088,3,0.557672615
59360.41204,19,Bachelor,536,4,19,8814.204639,1528.808147,19491.85503,0.573652061,3,0.412509022
69323.8124,50,Bachelor,554,2,36,5660.026199,7858.386412,13283.39812,0.086220634,3,0.778725674
89329.19831,61,High School,300,15,47,6756.892126,20055.55508,6493.787295,0.084708787,2,0.662190872
59291.759,36,High School,713,7,18,9226.396516,46133.20047,15584.55194,0.18998652,1,0.078154697
96390.58576,36,PhD,528,4,28,6423.410057,7534.653139,10219.54393,0.985055319,1,0.981655986
68181.33715,40,Master,487,5,55,717.3451472,29051.67733,3221.713181,0.645829287,1,0.256928164
86557.53405,33,High School,321,6,74,835.7853669,27254.22493,17647.40413,0.430983211,2,0.255559553
93163.27888,33,Bachelor,363,9,20,5682.312663,8881.879915,16285.96715,0.301566575,2,0.304790441
86164.28641,46,Master,804,19,72,1166.652165,39841.09373,1507.720721,0.580835371,1,0.976055806
36956.08476,25,High School,338,10,72,428.8448198,2708.3046,1773.491433,0.453198259,3,0.803781718
72167.38293,45,Bachelor,443,4,44,3836.619873,4858.001416,4585.331325,0.462268408,3,0.086051547
54882.5694,42,High School,829,3,45,9781.124217,42444.76887,17397.69726,0.384830769,1,0.417983158
29703.4714,42,High School,536,10,47,5497.102489,17957.98508,4696.731819,0.241236261,1,0.855285628
56802.41889,30,High School,706,14,35,8848.118936,49219.91691,18512.75245,0.084451163,2,0.349223102
44401.30502,31,Bachelor,761,18,34,4528.555796,12582.22501,10706.4242,0.686189652,2,0.291414024
88677.87313,36,Bachelor,475,18,75,9306.554571,45123.4647,6457.793475,0.177249861,4,0.639401022
27497.84699,32,High School,567,11,70,299.1454468,29116.99947,3375.700578,0.425495198,2,0.367673475
96923.70414,32,Bachelor,798,9,93,7194.50111,20275.87284,12019.09269,0.58724757,4,0.161617976
51652.66364,38,High School,347,14,47,9553.578884,38698.52701,18034.11158,0.146856139,1,0.483270989
51753.01678,25,PhD,797,11,33,4695.667321,42152.64407,12786.89894,0.597359689,1,0.811696071
26224.6377,62,Master,554,7,84,2538.55047,16317.78596,9251.82346,0.362174501,3,0.84452398
38892.42439,61,Bachelor,674,11,40,6515.042223,24367.64006,12875.17193,0.255602354,4,0.615654572
55094.46256,45,High School,728,4,31,3819.740829,34108.15597,14960.07804,0.548599105,2,0.999120337
94696.8563,62,High School,628,16,96,3385.4227,35206.27836,5544.023362,0.989059704,3,0.984670827
32471.11977,33,PhD,692,19,48,3573.878677,15716.71793,6129.984959,0.768586349,3,0.238694875
95897.61501,41,High School,500,3,2,4116.694213,5542.51423,17954.69814,0.285256462,4,0.770920935
90211.63979,29,Master,792,5,33,4508.951992,20164.14576,15833.3442,0.501535805,3,0.183895426
59062.17977,31,Bachelor,318,11,64,1667.04667,17890.5592,14802.88008,0.406070581,4,0.411416569
49502.56613,47,PhD,302,8,46,6762.737585,5391.247152,13741.36259,0.525460663,4,0.00996352
42455.8097,49,High School,497,19,56,8401.980906,20266.2428,10867.49109,0.691548893,2,0.201437832
71084.85299,64,High School,521,13,65,7342.920781,28986.67682,7885.846196,0.787741653,1,0.223618102
27480.59436,36,High School,805,12,86,4195.85269,49820.52773,8444.061546,0.95578337,2,0.987762848
26170.45483,22,PhD,529,13,23,1661.36375,38093.4316,2507.621158,0.295058102,4,0.04164528
57159.67919,46,Bachelor,662,18,28,7118.192125,17198.98115,17837.64992,0.324255256,4,0.9458517
30105.55555,19,Master,457,6,6,526.5921329,21373.39496,1399.376992,0.022376182,2,0.838191925
43895.57412,41,Master,455,8,36,5019.463732,6789.737317,17049.73178,0.299661983,2,0.022479371
41587.06865,34,High School,742,5,36,9497.960346,40429.56563,9655.459462,0.941709076,3,0.13673266
43989.33953,59,High School,695,11,68,3514.955562,28724.65013,4501.411977,0.833399541,3,0.629030277
34829.14234,44,Bachelor,605,19,29,7336.739852,24186.43547,12836.78812,0.118986452,3,0.350798528
25902.71672,20,High School,628,1,92,9347.065805,23280.53712,10749.67225,0.964639941,1,0.341359563
33661.32229,35,Master,644,12,10,1161.707542,12395.30398,13172.94293,0.887910708,1,0.696471248
71386.01946,38,Bachelor,815,10,44,6091.50817,14418.11783,7949.643117,0.858093722,1,0.994755576
98069.21596,56,PhD,311,19,4,5631.488707,16854.89131,16172.60677,0.92398205,1,0.332712234
99275.87512,18,PhD,734,14,12,4935.828096,1087.318821,9136.411862,0.533987863,2,0.923043875
55679.05715,24,Bachelor,431,19,52,5110.538996,27531.94842,8381.311831,0.970956723,4,0.728441727
37221.58195,62,High School,810,13,87,3987.876096,49505.71653,12901.22787,0.026196989,3,0.846989291
72907.1318,40,Master,457,10,5,1356.928483,17082.64817,16885.5985,0.562429876,3,0.508838097
61772.90099,33,Bachelor,367,9,30,2101.208285,24406.26151,2666.350887,0.373094972,4,0.533289889
99205.7333,28,Bachelor,503,2,61,563.7153663,44111.35528,9311.471648,0.56406706,2,0.546464857
29897.81554,52,High School,675,18,45,8311.042618,27192.12221,9986.611215,0.898365413,4,0.565139115
83742.58287,58,Master,379,18,3,152.0531143,30165.98078,11106.8724,0.449365388,2,0.144441108
46629.8873,56,Master,601,16,95,2271.855804,18549.68553,7193.497589,0.227452106,4,0.207045404
43106.39651,39,PhD,379,17,70,8424.602119,24294.72608,4489.000959,0.358740067,4,0.153724675
74687.84286,52,PhD,525,18,48,9160.233696,26416.32339,5341.379546,0.445731835,3,0.190971247
43454.73887,50,Bachelor,311,8,77,3234.780785,38358.12794,5686.407953,0.4549337,4,0.664967498
74939.43382,60,Master,803,17,18,6827.553511,43775.56275,8869.260148,0.337832911,3,0.206500136
63798.13879,62,High School,433,6,80,264.9326201,33518.47309,11522.2907,0.462646511,1,0.878394511
56806.67413,53,High School,486,10,57,9386.713902,23043.50757,7304.527288,0.346519605,1,0.119472306
66601.58565,59,Bachelor,615,15,42,2117.563979,42395.11348,16687.21687,0.300584395,2,0.988740223
46528.86399,57,Bachelor,844,13,25,1500.91341,11927.0742,10041.32476,0.861235175,3,0.001432158
77993.10297,45,Master,471,15,86,917.3614588,18215.06786,6810.83739,0.84516378,4,0.843874541
56114.2652,28,High School,616,14,4,6688.808736,15128.22781,7567.099422,0.284019184,3,0.001990626
52040.91704,22,PhD,585,2,61,3322.373157,21920.17558,19796.27216,0.892105276,1,0.785468389
87149.26859,35,PhD,550,5,47,5268.936734,37479.20445,13569.09205,0.423660623,1,0.727654801
94372.5184,21,PhD,455,6,32,9827.432825,9216.016993,8783.859695,0.345057225,3,0.694540804
28450.54832,55,Master,329,13,71,1250.837667,44359.03901,18040.1172,0.21439396,2,0.350883323
42447.02446,48,Master,426,10,52,5692.66241,28410.19621,15527.63114,0.711004256,4,0.6270879
51138.95271,41,Bachelor,372,13,98,2913.812037,21688.53653,17427.6585,0.029144756,1,0.599405469
86122.48595,47,High School,375,1,48,5606.20395,7431.197392,4061.217044,0.600824844,3,0.73953756
98911.85707,56,PhD,397,6,12,8697.172076,31073.45977,16245.94098,0.027979261,2,0.71001037
97672.87785,48,High School,506,10,63,6733.993857,16563.46233,10122.17072,0.292327398,3,0.248231908
92871.12592,29,Master,567,2,9,9409.707006,36805.31988,2294.811265,0.973002581,4,0.709590342
47241.71988,20,High School,758,18,63,7433.122988,48835.29083,2748.697016,0.59183488,4,0.312468181
99400.84326,47,PhD,332,2,4,5102.870176,10130.75152,11894.57001,0.293013547,4,0.38550065
43706.50308,25,High School,340,11,56,1387.270247,2805.296661,8385.593258,0.288332822,3,0.287773638
32942.96162,27,PhD,498,7,55,1037.603479,10929.48632,2345.631939,0.125394472,3,0.739201375
96321.44583,41,Master,586,17,42,3196.150455,28668.57776,9290.981762,0.33080729,4,0.834672146
42506.51916,18,Bachelor,423,8,55,3556.855589,7420.028482,16050.83628,0.450324165,2,0.248649815
76732.61988,35,PhD,591,7,26,8207.251401,19181.20299,5085.221902,0.713720214,2,0.514087621
29376.72692,58,Bachelor,768,12,7,5035.977455,10544.13665,14728.34623,0.566648546,4,0.705621347
79803.18243,39,PhD,457,10,72,5208.242721,36692.34987,9099.862363,0.04180089,3,0.824535289
91129.01593,48,Bachelor,511,19,64,9971.796087,1158.851122,7245.25143,0.345989807,3,0.727255946
45432.76716,44,Master,660,11,94,6339.558918,2967.366297,8937.350275,0.050998665,2,0.099183265
53429.26721,33,High School,390,7,70,5831.419066,36852.04498,13082.15549,0.938761522,4,0.684089191
53072.21375,35,PhD,838,7,39,8282.669371,48460.92537,8275.630737,0.425484508,3,0.905400127
81159.11932,28,PhD,523,3,68,1520.525646,29935.86203,11135.68609,0.598823549,3,0.441980923
42835.54319,35,PhD,501,18,8,8608.297942,4632.531639,2421.933724,0.730283227,2,0.742607738
37888.98243,21,Master,348,11,44,2657.085399,40073.43123,13615.64232,0.003570919,1,0.961925342
58696.87365,57,PhD,675,8,24,2916.948931,2315.070759,3747.005735,0.10561688,4,0.693965298
47835.13055,27,Master,618,9,89,6771.508916,10799.51011,4209.433498,0.536201863,2,0.289726737
87939.18417,47,Bachelor,593,9,30,1211.614569,24232.10016,14235.0317,0.60119349,1,0.452074839
42830.63695,21,High School,305,5,52,1794.329629,30327.3061,19828.57514,0.724306672,1,0.468706801
62679.20931,25,Bachelor,355,3,18,9701.078697,20714.69713,18168.52557,0.11475286,2,0.849045006
95693.76998,34,High School,776,17,57,6268.266868,32278.54766,9690.590002,0.357256251,1,0.968271309
72549.82733,52,High School,730,12,44,2539.718977,26594.02873,6753.471851,0.74678142,4,0.593200019
90046.70541,22,Bachelor,338,4,34,8997.46738,45457.36757,9455.434413,0.23918533,3,0.076922226
95515.7267,44,PhD,564,1,49,3495.577758,49971.89523,11634.60822,0.967475133,2,0.949550232
81307.36464,54,PhD,493,6,79,1547.233189,36779.49405,6015.778431,0.974451571,4,0.994022634
77468.12952,24,Bachelor,622,8,43,9803.22034,5271.280803,14712.12199,0.485506091,1,0.395577237
97597.4175,50,Master,362,13,81,1158.493268,17164.51883,1457.48439,0.130289809,1,0.825845644
99580.05922,35,High School,316,12,2,5729.95757,26563.01455,18909.46261,0.018584116,2,0.433878609
58886.6262,55,High School,489,13,54,7500.746108,13850.66322,14794.1279,0.118221387,2,0.695462765
30315.23336,45,High School,494,19,65,9313.9259,43812.51281,17588.10996,0.376419606,3,0.041871877
46959.55236,32,High School,567,16,57,1100.31,10627.22749,7432.309742,0.338101115,1,0.890687132
36426.60293,40,High School,715,13,16,5278.052289,11018.87009,18707.82946,0.772803736,2,0.044792311
56311.47811,49,PhD,694,13,81,1325.173319,45343.41443,19812.30893,0.569762526,1,0.220071097
34846.69964,26,Master,320,16,73,7720.473495,33797.813,4409.463561,0.438793869,1,0.56774948
70308.8353,47,High School,400,18,21,2042.923935,31218.01839,11912.96571,0.141142449,1,0.882645147
53710.60444,46,Master,352,8,62,2267.052627,35630.90796,17468.76265,0.144879175,2,0.272492939
92153.94132,49,Bachelor,755,16,64,9984.440444,11554.03388,1924.678912,0.761165217,4,0.089320379
97584.60038,52,Master,570,2,55,8451.904356,29731.93134,15740.60277,0.93877231,3,0.80957926
66016.36763,35,PhD,332,6,44,6505.379774,34778.90022,1664.114028,0.256890029,4,0.359297666
45611.76774,46,Master,707,1,26,6405.178169,13559.93445,13439.6417,0.528646018,1,0.743612053
69417.28141,34,Master,420,14,1,5980.661024,42173.3332,2818.456745,0.819882919,2,0.192384437
92257.08687,26,Bachelor,365,9,50,9521.057638,28166.42545,2908.283888,0.806900431,1,0.232863824
55505.00094,62,High School,375,19,40,8587.499106,25616.60641,6463.064913,0.642857424,3,0.354065956
66405.87075,25,Master,808,17,3,6107.219468,43212.0717,8099.697085,0.042929339,1,0.784656746
45373.95757,30,PhD,336,14,71,1366.289637,10179.76081,10616.03734,0.157947569,3,0.938356356
59158.31121,50,Bachelor,362,9,4,3687.608472,1942.781623,2284.072698,0.840467561,2,0.787210123
55128.51515,38,Master,753,7,31,9615.543105,38756.40327,8441.673159,0.81198029,2,0.007766092
43631.00988,61,Master,742,6,14,1215.382326,11848.21565,19190.49612,0.666600613,4,0.808456855
62939.97879,29,Bachelor,830,4,21,991.6345142,6558.185356,10078.69359,0.577218948,2,0.636428415
